date,num_videos,video_path,final_sentiment_score,final_sentiment_class,audio_score,visual_score,reasoning_score,method,timestamp
2025-01-01,2,2025_01_01_coin_guide.mp4; 2025_01_01_coin_guide_1.mp4,0.6196955894524137,POSITIVE,0.40234287291196935,0.18480651080608368,0.7749999999999999,Multimodal Fusion (Whisper + CLIP + Qwen3-VL),2025-11-16T20:36:20.328426
2025-01-02,9,2025_01_02_coin_guide_3.mp4; 2025_01_02_titovlogs77_3.mp4; 2025_01_02_titovlogs77_2.mp4; 2025_01_02_coinbureau.mp4; 2025_01_02_coin_guide_2.mp4; 2025_01_02_coin_guide.mp4; 2025_01_02_titovlogs77_1.mp4; 2025_01_02_coin_guide_1.mp4; 2025_01_02_titovlogs77.mp4,0.28201162516355194,POSITIVE,0.5339179836325852,0.13198802289035585,0.2888888888888889,Multimodal Fusion (Whisper + CLIP + Qwen3-VL),2025-11-16T20:49:30.927237
2025-01-03,10,2025_01_03_coinbureau.mp4; 2025_01_03_coin_guide.mp4; 2025_01_03_titovlogs77_2.mp4; 2025_01_03_coinbureau_1.mp4; 2025_01_03_titovlogs77.mp4; 2025_01_03_coin_guide_1.mp4; 2025_01_03_girlgone_crypto.mp4; 2025_01_03_coinbureau_2.mp4; 2025_01_03_titovlogs77_1.mp4; 2025_01_03_titovlogs77_3.mp4,0.37022483894868685,POSITIVE,0.3933800757571061,0.18443415686488152,0.42000000000000004,Multimodal Fusion (Whisper + CLIP + Qwen3-VL),2025-11-16T18:23:07.061082
2025-01-04,4,2025_01_04_coin_guide.mp4; 2025_01_04_coin_guide_2.mp4; 2025_01_04_im.cryptochino.mp4; 2025_01_04_coin_guide_1.mp4,0.3724331616358422,POSITIVE,0.5456679110690585,0.14558185264468193,0.4125,Multimodal Fusion (Whisper + CLIP + Qwen3-VL),2025-11-16T19:28:01.111571
2025-01-05,8,2025_01_05_coin_guide_1.mp4; 2025_01_05_titovlogs77.mp4; 2025_01_05_coin_guide.mp4; 2025_01_05_titovlogs77_1.mp4; 2025_01_05_theblockchainboy_1.mp4; 2025_01_05_coin_guide_2.mp4; 2025_01_05_titovlogs77_2.mp4; 2025_01_05_theblockchainboy.mp4,0.007004268957653034,NEUTRAL,-0.10771578171870702,0.11075423564761877,-0.006249999999999992,Multimodal Fusion (Whisper + CLIP + Qwen3-VL),2025-11-16T18:05:46.905898
2025-01-06,11,2025_01_06_imcameronscrubs.mp4; 2025_01_06_titovlogs77_1.mp4; 2025_01_06_coin_guide_6.mp4; 2025_01_06_titovlogs77.mp4; 2025_01_06_coin_guide_3.mp4; 2025_01_06_coinbureau.mp4; 2025_01_06_coin_guide_5.mp4; 2025_01_06_coin_guide.mp4; 2025_01_06_coin_guide_2.mp4; 2025_01_06_coin_guide_1.mp4; 2025_01_06_coin_guide_4.mp4,0.3816276112974602,POSITIVE,0.02452277537458756,0.24133121425455267,0.4727272727272727,Multimodal Fusion (Whisper + CLIP + Qwen3-VL),2025-11-16T18:56:18.813007
2025-01-07,12,2025_01_07_coin_guide_6.mp4; 2025_01_07_coin_guide_2.mp4; 2025_01_07_coinbureau.mp4; 2025_01_07_titovlogs77_1.mp4; 2025_01_07_coin_guide_1.mp4; 2025_01_07_coin_guide_3.mp4; 2025_01_07_titovlogs77_2.mp4; 2025_01_07_coin_guide_4.mp4; 2025_01_07_im.cryptochino.mp4; 2025_01_07_coin_guide.mp4; 2025_01_07_titovlogs77.mp4; 2025_01_07_coin_guide_5.mp4,0.17581373508253062,NEUTRAL,0.2618456644791727,0.22314584317306677,0.15,Multimodal Fusion (Whisper + CLIP + Qwen3-VL),2025-11-16T19:27:35.835353
2025-01-08,13,2025_01_08_titovlogs77_1.mp4; 2025_01_08_theblockchainboy.mp4; 2025_01_08_coinbureau.mp4; 2025_01_08_titovlogs77_2.mp4; 2025_01_08_coin_guide_3.mp4; 2025_01_08_theblockchainboy_2.mp4; 2025_01_08_titovlogs77_3.mp4; 2025_01_08_coin_guide_2.mp4; 2025_01_08_titovlogs77.mp4; 2025_01_08_coin_guide_4.mp4; 2025_01_08_coin_guide_1.mp4; 2025_01_08_coin_guide.mp4; 2025_01_08_theblockchainboy_1.mp4,-0.09960295093061342,NEUTRAL,-0.16269188229872328,0.1621773403424483,-0.16538461538461538,Multimodal Fusion (Whisper + CLIP + Qwen3-VL),2025-11-16T18:29:51.832997
2025-01-09,8,2025_01_09_coin_guide_1.mp4; 2025_01_09_titovlogs77_2.mp4; 2025_01_09_titovlogs77_3.mp4; 2025_01_09_titovlogs77.mp4; 2025_01_09_coin_guide.mp4; 2025_01_09_coin_guide_2.mp4; 2025_01_09_coinbureau.mp4; 2025_01_09_titovlogs77_1.mp4,0.1788639232195658,NEUTRAL,0.07212257390443752,0.15825832914561033,0.2,Multimodal Fusion (Whisper + CLIP + Qwen3-VL),2025-11-16T21:11:51.132133
2025-01-10,13,2025_01_10_titovlogs77_1.mp4; 2025_01_10_coin_guide_1.mp4; 2025_01_10_titovlogs77_4.mp4; 2025_01_10_im.cryptochino.mp4; 2025_01_10_titovlogs77.mp4; 2025_01_10_coin_guide.mp4; 2025_01_10_titovlogs77_2.mp4; 2025_01_10_coin_guide_3.mp4; 2025_01_10_coin_guide_4.mp4; 2025_01_10_girlgone_crypto.mp4; 2025_01_10_coinbureau.mp4; 2025_01_10_titovlogs77_3.mp4; 2025_01_10_coin_guide_2.mp4,0.17305578220813164,NEUTRAL,0.40643138867213935,0.20437090901228097,0.13076923076923078,Multimodal Fusion (Whisper + CLIP + Qwen3-VL),2025-11-16T18:58:28.940660
2025-01-11,4,2025_01_11_coin_guide_2.mp4; 2025_01_11_coin_guide.mp4; 2025_01_11_coinbureau.mp4; 2025_01_11_coin_guide_1.mp4,-0.18121435150173976,NEUTRAL,-0.42596586641348144,0.09441117569804192,-0.22499999999999998,Multimodal Fusion (Whisper + CLIP + Qwen3-VL),2025-11-16T19:34:36.686819
2025-01-12,4,2025_01_12_coin_guide_1.mp4; 2025_01_12_im.cryptochino.mp4; 2025_01_12_theblockchainboy.mp4; 2025_01_12_coin_guide.mp4,-0.09419126564395183,NEUTRAL,0.07785569487693345,0.190115824341774,-0.2,Multimodal Fusion (Whisper + CLIP + Qwen3-VL),2025-11-16T20:45:34.027195
2025-01-13,11,2025_01_13_coin_guide_6.mp4; 2025_01_13_coin_guide_2.mp4; 2025_01_13_titovlogs77_1.mp4; 2025_01_13_coin_guide_5.mp4; 2025_01_13_titovlogs77.mp4; 2025_01_13_titovlogs77_2.mp4; 2025_01_13_coin_guide_1.mp4; 2025_01_13_coinbureau.mp4; 2025_01_13_coin_guide_3.mp4; 2025_01_13_coin_guide_4.mp4; 2025_01_13_coin_guide.mp4,0.006329142492772672,NEUTRAL,0.11581607637927092,0.19646494700150055,-0.06363636363636364,Multimodal Fusion (Whisper + CLIP + Qwen3-VL),2025-11-16T18:30:50.927623
2025-01-14,21,2025_01_14_coin_guide_10.mp4; 2025_01_14_titovlogs77.mp4; 2025_01_14_im.cryptochino_1.mp4; 2025_01_14_coin_guide_12.mp4; 2025_01_14_layahheilpernofficial_3.mp4; 2025_01_14_layahheilpernofficial.mp4; 2025_01_14_coin_guide_4.mp4; 2025_01_14_coin_guide_9.mp4; 2025_01_14_coin_guide_7.mp4; 2025_01_14_coin_guide_1.mp4; 2025_01_14_coin_guide_6.mp4; 2025_01_14_im.cryptochino.mp4; 2025_01_14_coin_guide_5.mp4; 2025_01_14_coin_guide_11.mp4; 2025_01_14_layahheilpernofficial_1.mp4; 2025_01_14_coin_guide_2.mp4; 2025_01_14_coinbureau.mp4; 2025_01_14_coin_guide_3.mp4; 2025_01_14_coin_guide.mp4; 2025_01_14_coin_guide_8.mp4; 2025_01_14_layahheilpernofficial_2.mp4,0.29590095023393975,POSITIVE,-0.029167731027341322,0.3524219500167029,0.3261904761904762,Multimodal Fusion (Whisper + CLIP + Qwen3-VL),2025-11-16T21:23:24.327651
2025-01-15,19,2025_01_15_titovlogs77_3.mp4; 2025_01_15_coinbureau_2.mp4; 2025_01_15_layahheilpernofficial.mp4; 2025_01_15_coin_guide_7.mp4; 2025_01_15_titovlogs77_1.mp4; 2025_01_15_coin_guide.mp4; 2025_01_15_titovlogs77_4.mp4; 2025_01_15_coin_guide_1.mp4; 2025_01_15_coin_guide_4.mp4; 2025_01_15_coinbureau.mp4; 2025_01_15_coin_guide_8.mp4; 2025_01_15_coin_guide_3.mp4; 2025_01_15_coin_guide_5.mp4; 2025_01_15_coin_guide_6.mp4; 2025_01_15_coin_guide_2.mp4; 2025_01_15_titovlogs77.mp4; 2025_01_15_titovlogs77_2.mp4; 2025_01_15_coinbureau_1.mp4; 2025_01_15_layahheilpernofficial_1.mp4,0.49096626038308844,POSITIVE,0.3671901735515042,0.23570989935021652,0.5815789473684211,Multimodal Fusion (Whisper + CLIP + Qwen3-VL),2025-11-16T19:33:00.633446
2025-01-16,20,2025_01_16_layahheilpernofficial_5.mp4; 2025_01_16_titovlogs77_2.mp4; 2025_01_16_titovlogs77.mp4; 2025_01_16_coin_guide.mp4; 2025_01_16_coin_guide_4.mp4; 2025_01_16_coin_guide_8.mp4; 2025_01_16_coin_guide_1.mp4; 2025_01_16_coin_guide_3.mp4; 2025_01_16_layahheilpernofficial_3.mp4; 2025_01_16_layahheilpernofficial_4.mp4; 2025_01_16_coin_guide_6.mp4; 2025_01_16_im.cryptochino.mp4; 2025_01_16_titovlogs77_1.mp4; 2025_01_16_coinbureau.mp4; 2025_01_16_layahheilpernofficial_2.mp4; 2025_01_16_coin_guide_7.mp4; 2025_01_16_layahheilpernofficial_1.mp4; 2025_01_16_coin_guide_5.mp4; 2025_01_16_coin_guide_2.mp4; 2025_01_16_layahheilpernofficial.mp4,0.2795891169635409,POSITIVE,-0.0521342523118319,0.4790127109736204,0.26999999999999996,Multimodal Fusion (Whisper + CLIP + Qwen3-VL),2025-11-16T20:39:43.312233
2025-01-17,17,2025_01_17_coin_guide_5.mp4; 2025_01_17_coin_guide_1.mp4; 2025_01_17_coin_guide_8.mp4; 2025_01_17_coin_guide_9.mp4; 2025_01_17_coin_guide_2.mp4; 2025_01_17_coin_guide.mp4; 2025_01_17_layahheilpernofficial.mp4; 2025_01_17_coin_guide_4.mp4; 2025_01_17_coin_guide_6.mp4; 2025_01_17_coinbureau.mp4; 2025_01_17_coin_guide_3.mp4; 2025_01_17_titovlogs77_3.mp4; 2025_01_17_girlgone_crypto.mp4; 2025_01_17_titovlogs77_1.mp4; 2025_01_17_titovlogs77_2.mp4; 2025_01_17_coin_guide_7.mp4; 2025_01_17_titovlogs77.mp4,0.24186485787166595,POSITIVE,-0.13076311537524965,0.21441172939889572,0.30294117647058827,Multimodal Fusion (Whisper + CLIP + Qwen3-VL),2025-11-16T19:29:58.395082
2025-01-18,12,2025_01_18_coin_guide_6.mp4; 2025_01_18_titovlogs77.mp4; 2025_01_18_layahheilpernofficial.mp4; 2025_01_18_coin_guide_5.mp4; 2025_01_18_coin_guide_3.mp4; 2025_01_18_coin_guide_4.mp4; 2025_01_18_coin_guide.mp4; 2025_01_18_coin_guide_2.mp4; 2025_01_18_theblockchainboy.mp4; 2025_01_18_titovlogs77_1.mp4; 2025_01_18_coin_guide_7.mp4; 2025_01_18_coin_guide_1.mp4,0.16209188623122894,NEUTRAL,0.16115430671895808,0.20488227779666582,0.15,Multimodal Fusion (Whisper + CLIP + Qwen3-VL),2025-11-16T19:01:51.137517
2025-01-19,6,2025_01_19_coin_guide.mp4; 2025_01_19_theblockchainboy.mp4; 2025_01_19_coin_guide_3.mp4; 2025_01_19_coin_guide_1.mp4; 2025_01_19_coin_guide_4.mp4; 2025_01_19_coin_guide_2.mp4,-0.10491320117072894,NEUTRAL,-0.46478124496903367,0.20365794996420541,-0.14166666666666666,Multimodal Fusion (Whisper + CLIP + Qwen3-VL),2025-11-16T21:06:18.732305
2025-01-20,5,2025_01_20_coin_guide.mp4; 2025_01_20_coin_guide_1.mp4; 2025_01_20_im.cryptochino.mp4; 2025_01_20_coinbureau.mp4; 2025_01_20_coin_guide_2.mp4,0.27405469876367833,POSITIVE,-0.04754822673013002,0.09904760718345643,0.37,Multimodal Fusion (Whisper + CLIP + Qwen3-VL),2025-11-16T18:05:23.733042
2025-01-21,17,2025_01_21_coin_guide_6.mp4; 2025_01_21_coin_guide_7.mp4; 2025_01_21_theblockchainboy.mp4; 2025_01_21_layahheilpernofficial.mp4; 2025_01_21_titovlogs77.mp4; 2025_01_21_coin_guide.mp4; 2025_01_21_coin_guide_3.mp4; 2025_01_21_coin_guide_5.mp4; 2025_01_21_coin_guide_1.mp4; 2025_01_21_layahheilpernofficial_1.mp4; 2025_01_21_coinbureau.mp4; 2025_01_21_coinbureau_2.mp4; 2025_01_21_coinbureau_1.mp4; 2025_01_21_coin_guide_4.mp4; 2025_01_21_theblockchainboy_1.mp4; 2025_01_21_coin_guide_2.mp4; 2025_01_21_theblockchainboy_2.mp4,0.07951787757537054,NEUTRAL,-0.02459295777572205,0.1731211608823608,0.06764705882352941,Multimodal Fusion (Whisper + CLIP + Qwen3-VL),2025-11-16T21:30:40.329400
2025-01-22,9,2025_01_22_layahheilpernofficial.mp4; 2025_01_22_coin_guide.mp4; 2025_01_22_coinbureau.mp4; 2025_01_22_titovlogs77.mp4; 2025_01_22_coin_guide_4.mp4; 2025_01_22_coin_guide_5.mp4; 2025_01_22_coin_guide_3.mp4; 2025_01_22_coin_guide_2.mp4; 2025_01_22_coin_guide_1.mp4,0.45973673375723045,POSITIVE,0.09843056125216482,0.28557949927118087,0.5611111111111111,Multimodal Fusion (Whisper + CLIP + Qwen3-VL),2025-11-16T19:26:43.564889
2025-01-23,8,2025_01_23_coin_guide_3.mp4; 2025_01_23_coin_guide_5.mp4; 2025_01_23_coin_guide_4.mp4; 2025_01_23_coin_guide_2.mp4; 2025_01_23_coin_guide_6.mp4; 2025_01_23_coin_guide.mp4; 2025_01_23_coin_guide_1.mp4; 2025_01_23_layahheilpernofficial.mp4,0.29157371034632695,POSITIVE,0.06650833056972116,0.287114386446774,0.325,Multimodal Fusion (Whisper + CLIP + Qwen3-VL),2025-11-16T19:25:18.683739
2025-01-24,18,2025_01_24_coin_guide_6.mp4; 2025_01_24_coin_guide_3.mp4; 2025_01_24_coin_guide_2.mp4; 2025_01_24_theblockchainboy_4.mp4; 2025_01_24_layahheilpernofficial.mp4; 2025_01_24_coin_guide_1.mp4; 2025_01_24_titovlogs77_1.mp4; 2025_01_24_coinbureau.mp4; 2025_01_24_theblockchainboy_1.mp4; 2025_01_24_coin_guide_5.mp4; 2025_01_24_coin_guide.mp4; 2025_01_24_coin_guide_4.mp4; 2025_01_24_titovlogs77.mp4; 2025_01_24_theblockchainboy_3.mp4; 2025_01_24_theblockchainboy_5.mp4; 2025_01_24_girlgone_crypto.mp4; 2025_01_24_theblockchainboy_2.mp4; 2025_01_24_theblockchainboy.mp4,0.17092542882905512,NEUTRAL,-0.1336568201270921,0.18256666531993282,0.2111111111111111,Multimodal Fusion (Whisper + CLIP + Qwen3-VL),2025-11-16T19:22:55.773942
2025-01-25,5,2025_01_25_im.cryptochino.mp4; 2025_01_25_coin_guide_1.mp4; 2025_01_25_coin_guide_2.mp4; 2025_01_25_titovlogs77.mp4; 2025_01_25_coin_guide.mp4,0.2601088650084288,POSITIVE,-0.04523088111802807,0.13315976560115814,0.33999999999999997,Multimodal Fusion (Whisper + CLIP + Qwen3-VL),2025-11-16T18:47:19.694187
2025-01-26,5,2025_01_26_theblockchainboy.mp4; 2025_01_26_layahheilpernofficial.mp4; 2025_01_26_coin_guide.mp4; 2025_01_26_layahheilpernofficial_1.mp4; 2025_01_26_theblockchainboy_1.mp4,0.22202369933942165,POSITIVE,0.053879154286702716,0.3831789195537567,0.2,Multimodal Fusion (Whisper + CLIP + Qwen3-VL),2025-11-16T20:47:30.965286
2025-01-27,8,2025_01_27_forrestunfiltered.mp4; 2025_01_27_coinbureau.mp4; 2025_01_27_coin_guide_2.mp4; 2025_01_27_coin_guide.mp4; 2025_01_27_titovlogs77.mp4; 2025_01_27_coin_guide_1.mp4; 2025_01_27_layahheilpernofficial.mp4; 2025_01_27_im.cryptochino.mp4,-0.2179157506791281,NEGATIVE,-0.3414506321077819,0.21864656265825033,-0.325,Multimodal Fusion (Whisper + CLIP + Qwen3-VL),2025-11-16T18:29:20.738768
2025-01-28,8,2025_01_28_coin_guide.mp4; 2025_01_28_coin_guide_1.mp4; 2025_01_28_coinbureau.mp4; 2025_01_28_titovlogs77_1.mp4; 2025_01_28_coin_guide_3.mp4; 2025_01_28_titovlogs77.mp4; 2025_01_28_coin_guide_2.mp4; 2025_01_28_layahheilpernofficial.mp4,0.46355623684314273,POSITIVE,0.33011876674864526,0.2933468008413911,0.53125,Multimodal Fusion (Whisper + CLIP + Qwen3-VL),2025-11-16T18:40:27.030477
2025-01-29,19,2025_01_29_layahheilpernofficial.mp4; 2025_01_29_coin_guide.mp4; 2025_01_29_coinbureau_1.mp4; 2025_01_29_titovlogs77_4.mp4; 2025_01_29_titovlogs77_3.mp4; 2025_01_29_coin_guide_3.mp4; 2025_01_29_coin_guide_2.mp4; 2025_01_29_forrestunfiltered.mp4; 2025_01_29_coin_guide_6.mp4; 2025_01_29_coin_guide_4.mp4; 2025_01_29_forrestunfiltered_1.mp4; 2025_01_29_titovlogs77.mp4; 2025_01_29_coin_guide_7.mp4; 2025_01_29_coinbureau_2.mp4; 2025_01_29_titovlogs77_1.mp4; 2025_01_29_coin_guide_1.mp4; 2025_01_29_coinbureau.mp4; 2025_01_29_coin_guide_5.mp4; 2025_01_29_titovlogs77_2.mp4,0.047957233901908036,NEUTRAL,-0.09889833027557816,0.24318270306838186,0.0131578947368421,Multimodal Fusion (Whisper + CLIP + Qwen3-VL),2025-11-16T20:26:05.794340
2025-01-30,22,2025_01_30_theblockchainboy_6.mp4; 2025_01_30_theblockchainboy_5.mp4; 2025_01_30_theblockchainboy_8.mp4; 2025_01_30_coin_guide.mp4; 2025_01_30_coin_guide_6.mp4; 2025_01_30_forrestunfiltered.mp4; 2025_01_30_girlgone_crypto.mp4; 2025_01_30_theblockchainboy_1.mp4; 2025_01_30_forrestunfiltered_2.mp4; 2025_01_30_theblockchainboy_2.mp4; 2025_01_30_theblockchainboy_7.mp4; 2025_01_30_coin_guide_4.mp4; 2025_01_30_coin_guide_5.mp4; 2025_01_30_theblockchainboy_3.mp4; 2025_01_30_coin_guide_2.mp4; 2025_01_30_coin_guide_3.mp4; 2025_01_30_layahheilpernofficial.mp4; 2025_01_30_coin_guide_7.mp4; 2025_01_30_coin_guide_1.mp4; 2025_01_30_forrestunfiltered_1.mp4; 2025_01_30_theblockchainboy_4.mp4; 2025_01_30_theblockchainboy.mp4,0.1707927256535266,NEUTRAL,-0.15055976349128783,0.19742532819509506,0.20909090909090908,Multimodal Fusion (Whisper + CLIP + Qwen3-VL),2025-11-16T21:36:02.797770
2025-01-31,13,2025_01_31_coin_guide_3.mp4; 2025_01_31_layahheilpernofficial.mp4; 2025_01_31_coin_guide_5.mp4; 2025_01_31_coinbureau.mp4; 2025_01_31_forrestunfiltered_1.mp4; 2025_01_31_coin_guide_2.mp4; 2025_01_31_coin_guide_6.mp4; 2025_01_31_titovlogs77.mp4; 2025_01_31_coin_guide_1.mp4; 2025_01_31_forrestunfiltered.mp4; 2025_01_31_coin_guide_4.mp4; 2025_01_31_girlgone_crypto.mp4; 2025_01_31_coin_guide.mp4,0.33455541020562307,POSITIVE,0.3214325736508212,0.34090691804885864,0.3346153846153846,Multimodal Fusion (Whisper + CLIP + Qwen3-VL),2025-11-16T20:13:27.246141
2025-02-01,8,2025_02_01_im.cryptochino.mp4; 2025_02_01_forrestunfiltered.mp4; 2025_02_01_coin_guide_1.mp4; 2025_02_01_forrestunfiltered_1.mp4; 2025_02_01_coin_guide_2.mp4; 2025_02_01_coin_guide_3.mp4; 2025_02_01_coin_guide.mp4; 2025_02_01_theblockchainboy.mp4,0.09436818682920033,NEUTRAL,-0.47064052137026235,0.3134111948311329,0.11249999999999999,Multimodal Fusion (Whisper + CLIP + Qwen3-VL),2025-11-16T18:41:49.237017
2025-02-02,13,2025_02_02_coin_guide_1.mp4; 2025_02_02_forrestunfiltered.mp4; 2025_02_02_theblockchainboy_3.mp4; 2025_02_02_theblockchainboy_1.mp4; 2025_02_02_theblockchainboy_2.mp4; 2025_02_02_coin_guide_2.mp4; 2025_02_02_im.cryptochino.mp4; 2025_02_02_coin_guide_3.mp4; 2025_02_02_theblockchainboy_4.mp4; 2025_02_02_coin_guide.mp4; 2025_02_02_theblockchainboy.mp4; 2025_02_02_theblockchainboy_5.mp4; 2025_02_02_theblockchainboy_6.mp4,-0.0983104384070024,NEUTRAL,-0.30653308321497463,0.07902204188016745,-0.11923076923076924,Multimodal Fusion (Whisper + CLIP + Qwen3-VL),2025-11-16T21:00:46.864842
2025-02-03,11,2025_02_03_coin_guide_4.mp4; 2025_02_03_coin_guide_1.mp4; 2025_02_03_coin_guide.mp4; 2025_02_03_theblockchainboy.mp4; 2025_02_03_coin_guide_3.mp4; 2025_02_03_coin_guide_2.mp4; 2025_02_03_layahheilpernofficial.mp4; 2025_02_03_coin_guide_5.mp4; 2025_02_03_coinbureau.mp4; 2025_02_03_titovlogs77.mp4; 2025_02_03_titovlogs77_1.mp4,-0.11394052024007005,NEUTRAL,-0.14806223275554736,0.252055787904696,-0.21363636363636365,Multimodal Fusion (Whisper + CLIP + Qwen3-VL),2025-11-16T17:59:02.037104
2025-02-04,14,2025_02_04_coinbureau_2.mp4; 2025_02_04_titovlogs77.mp4; 2025_02_04_titovlogs77_2.mp4; 2025_02_04_coinbureau.mp4; 2025_02_04_coinbureau_1.mp4; 2025_02_04_coin_guide_2.mp4; 2025_02_04_coin_guide.mp4; 2025_02_04_coin_guide_1.mp4; 2025_02_04_coin_guide_4.mp4; 2025_02_04_coin_guide_3.mp4; 2025_02_04_layahheilpernofficial.mp4; 2025_02_04_forrestunfiltered_1.mp4; 2025_02_04_titovlogs77_1.mp4; 2025_02_04_forrestunfiltered.mp4,0.2131782089785475,POSITIVE,0.12424605816037448,0.16626801581255027,0.2392857142857143,Multimodal Fusion (Whisper + CLIP + Qwen3-VL),2025-11-16T21:37:31.793652
2025-02-05,15,2025_02_05_titovlogs77.mp4; 2025_02_05_coinbureau.mp4; 2025_02_05_coin_guide_4.mp4; 2025_02_05_coin_guide_2.mp4; 2025_02_05_theblockchainboy_1.mp4; 2025_02_05_theblockchainboy_2.mp4; 2025_02_05_titovlogs77_1.mp4; 2025_02_05_theblockchainboy.mp4; 2025_02_05_coin_guide_1.mp4; 2025_02_05_theblockchainboy_3.mp4; 2025_02_05_coin_guide_3.mp4; 2025_02_05_layahheilpernofficial.mp4; 2025_02_05_forrestunfiltered.mp4; 2025_02_05_coin_guide.mp4; 2025_02_05_titovlogs77_2.mp4,0.23336706234962848,POSITIVE,0.037163705423584416,0.16825345903635025,0.28,Multimodal Fusion (Whisper + CLIP + Qwen3-VL),2025-11-16T18:56:14.505629
2025-02-06,13,2025_02_06_coin_guide_3.mp4; 2025_02_06_coin_guide_4.mp4; 2025_02_06_forrestunfiltered.mp4; 2025_02_06_theblockchainboy_1.mp4; 2025_02_06_titovlogs77.mp4; 2025_02_06_coin_guide_2.mp4; 2025_02_06_theblockchainboy_2.mp4; 2025_02_06_coin_guide.mp4; 2025_02_06_im.cryptochino.mp4; 2025_02_06_theblockchainboy.mp4; 2025_02_06_coinbureau.mp4; 2025_02_06_titovlogs77_1.mp4; 2025_02_06_coin_guide_1.mp4,0.11311244157877826,NEUTRAL,0.04102984760857886,0.08735497639729427,0.13076923076923075,Multimodal Fusion (Whisper + CLIP + Qwen3-VL),2025-11-16T19:19:06.673652
2025-02-07,10,2025_02_07_layahheilpernofficial.mp4; 2025_02_07_coin_guide_1.mp4; 2025_02_07_forrestunfiltered.mp4; 2025_02_07_coin_guide.mp4; 2025_02_07_coin_guide_3.mp4; 2025_02_07_forrestunfiltered_1.mp4; 2025_02_07_coin_guide_2.mp4; 2025_02_07_coinbureau.mp4; 2025_02_07_titovlogs77_1.mp4; 2025_02_07_titovlogs77.mp4,0.06827393778299828,NEUTRAL,0.2726679067945022,0.17003573551774026,0.010000000000000009,Multimodal Fusion (Whisper + CLIP + Qwen3-VL),2025-11-16T21:04:16.843731
2025-02-08,4,2025_02_08_forrestunfiltered_1.mp4; 2025_02_08_coin_guide.mp4; 2025_02_08_forrestunfiltered.mp4; 2025_02_08_titovlogs77.mp4,-0.15572423358636914,NEUTRAL,-0.2174777959662495,0.11761773005127907,-0.225,Multimodal Fusion (Whisper + CLIP + Qwen3-VL),2025-11-16T21:25:22.484045
2025-02-09,6,2025_02_09_coin_guide.mp4; 2025_02_09_forrestunfiltered_3.mp4; 2025_02_09_coin_guide_1.mp4; 2025_02_09_forrestunfiltered_2.mp4; 2025_02_09_forrestunfiltered.mp4; 2025_02_09_forrestunfiltered_1.mp4,0.18198599050943218,NEUTRAL,0.49048120285115254,0.13968935112158457,0.15,Multimodal Fusion (Whisper + CLIP + Qwen3-VL),2025-11-16T21:19:03.503321
2025-02-10,15,2025_02_10_coin_guide_6.mp4; 2025_02_10_forrestunfiltered_2.mp4; 2025_02_10_coin_guide_1.mp4; 2025_02_10_forrestunfiltered.mp4; 2025_02_10_coin_guide_5.mp4; 2025_02_10_titovlogs77.mp4; 2025_02_10_coinbureau.mp4; 2025_02_10_coin_guide_2.mp4; 2025_02_10_layahheilpernofficial.mp4; 2025_02_10_titovlogs77_1.mp4; 2025_02_10_coin_guide.mp4; 2025_02_10_coin_guide_3.mp4; 2025_02_10_coin_guide_4.mp4; 2025_02_10_forrestunfiltered_1.mp4; 2025_02_10_forrestunfiltered_3.mp4,0.13900192830483996,NEUTRAL,0.11741122330435926,0.23963736320535342,0.11333333333333334,Multimodal Fusion (Whisper + CLIP + Qwen3-VL),2025-11-16T19:10:44.742318
2025-02-11,9,2025_02_11_forrestunfiltered_1.mp4; 2025_02_11_forrestunfiltered.mp4; 2025_02_11_titovlogs77_2.mp4; 2025_02_11_coinbureau_2.mp4; 2025_02_11_layahheilpernofficial.mp4; 2025_02_11_titovlogs77.mp4; 2025_02_11_coinbureau.mp4; 2025_02_11_coinbureau_1.mp4; 2025_02_11_titovlogs77_1.mp4,0.18594098342962195,NEUTRAL,0.21133486266008333,0.18237081915140152,0.18333333333333332,Multimodal Fusion (Whisper + CLIP + Qwen3-VL),2025-11-16T18:09:37.966725
2025-02-12,8,2025_02_12_theblockchainboy.mp4; 2025_02_12_forrestunfiltered.mp4; 2025_02_12_coinbureau.mp4; 2025_02_12_layahheilpernofficial.mp4; 2025_02_12_titovlogs77.mp4; 2025_02_12_theblockchainboy_1.mp4; 2025_02_12_theblockchainboy_2.mp4; 2025_02_12_theblockchainboy_3.mp4,-0.19921178333760767,NEUTRAL,-0.6438452408017187,0.113363703712821,-0.225,Multimodal Fusion (Whisper + CLIP + Qwen3-VL),2025-11-16T18:56:38.519801
2025-02-13,8,2025_02_13_titovlogs77_1.mp4; 2025_02_13_coin_guide.mp4; 2025_02_13_forrestunfiltered.mp4; 2025_02_13_imcameronscrubs_1.mp4; 2025_02_13_theblockchainboy.mp4; 2025_02_13_coinbureau.mp4; 2025_02_13_imcameronscrubs.mp4; 2025_02_13_titovlogs77.mp4,0.18525450859384104,NEUTRAL,-0.5667354866697027,0.09401528630405664,0.31875,Multimodal Fusion (Whisper + CLIP + Qwen3-VL),2025-11-16T21:19:14.263913
2025-02-14,10,2025_02_14_forrestunfiltered.mp4; 2025_02_14_titovlogs77_1.mp4; 2025_02_14_titovlogs77.mp4; 2025_02_14_girlgone_crypto.mp4; 2025_02_14_titovlogs77_2.mp4; 2025_02_14_im.cryptochino.mp4; 2025_02_14_forrestunfiltered_2.mp4; 2025_02_14_layahheilpernofficial.mp4; 2025_02_14_forrestunfiltered_1.mp4; 2025_02_14_imcameronscrubs.mp4,0.3086098993922728,POSITIVE,0.18209313681270412,0.2620029285550117,0.33999999999999997,Multimodal Fusion (Whisper + CLIP + Qwen3-VL),2025-11-16T20:04:14.861357
2025-02-15,3,2025_02_15_imcameronscrubs.mp4; 2025_02_15_forrestunfiltered.mp4; 2025_02_15_imcameronscrubs_1.mp4,-0.20637674590055485,NEGATIVE,-0.7028644522134799,0.2528818299372991,-0.26666666666666666,Multimodal Fusion (Whisper + CLIP + Qwen3-VL),2025-11-16T19:24:52.913120
2025-02-16,7,2025_02_16_theblockchainboy_1.mp4; 2025_02_16_theblockchainboy_2.mp4; 2025_02_16_theblockchainboy_3.mp4; 2025_02_16_theblockchainboy.mp4; 2025_02_16_imcameronscrubs_1.mp4; 2025_02_16_forrestunfiltered.mp4; 2025_02_16_imcameronscrubs.mp4,-0.12419816423613265,NEUTRAL,-0.8306990008142598,0.16935867922646658,-0.10714285714285714,Multimodal Fusion (Whisper + CLIP + Qwen3-VL),2025-11-16T21:37:07.366928
2025-02-17,9,2025_02_17_titovlogs77.mp4; 2025_02_17_theblockchainboy.mp4; 2025_02_17_imcameronscrubs.mp4; 2025_02_17_forrestunfiltered.mp4; 2025_02_17_forrestunfiltered_1.mp4; 2025_02_17_coinbureau.mp4; 2025_02_17_titovlogs77_2.mp4; 2025_02_17_imcameronscrubs_1.mp4; 2025_02_17_titovlogs77_1.mp4,-0.09230383763705173,NEUTRAL,-0.02659334821778667,0.17399970814585686,-0.17777777777777778,Multimodal Fusion (Whisper + CLIP + Qwen3-VL),2025-11-16T21:29:36.534953
2025-02-18,14,2025_02_18_forrestunfiltered.mp4; 2025_02_18_coinbureau.mp4; 2025_02_18_titovlogs77_1.mp4; 2025_02_18_layahtrades.mp4; 2025_02_18_forrestunfiltered_1.mp4; 2025_02_18_coinbureau_1.mp4; 2025_02_18_imcameronscrubs_1.mp4; 2025_02_18_im.cryptochino.mp4; 2025_02_18_titovlogs77.mp4; 2025_02_18_titovlogs77_4.mp4; 2025_02_18_titovlogs77_2.mp4; 2025_02_18_coinbureau_2.mp4; 2025_02_18_titovlogs77_3.mp4; 2025_02_18_imcameronscrubs.mp4,0.06970243955630691,NEUTRAL,-0.15287465205007478,0.22494952380657196,0.057142857142857155,Multimodal Fusion (Whisper + CLIP + Qwen3-VL),2025-11-16T19:36:05.563493
2025-02-19,11,2025_02_19_coinbureau.mp4; 2025_02_19_coin_guide.mp4; 2025_02_19_imcameronscrubs.mp4; 2025_02_19_titovlogs77.mp4; 2025_02_19_imcameronscrubs_1.mp4; 2025_02_19_imcameronscrubs_2.mp4; 2025_02_19_titovlogs77_1.mp4; 2025_02_19_layahheilpernofficial_1.mp4; 2025_02_19_forrestunfiltered_1.mp4; 2025_02_19_layahheilpernofficial.mp4; 2025_02_19_forrestunfiltered.mp4,0.18602472922771032,NEUTRAL,-0.05533417113570174,0.32142709534276614,0.18181818181818182,Multimodal Fusion (Whisper + CLIP + Qwen3-VL),2025-11-16T19:07:27.675167
2025-02-20,16,2025_02_20_coin_guide_4.mp4; 2025_02_20_coin_guide.mp4; 2025_02_20_forrestunfiltered_3.mp4; 2025_02_20_titovlogs77_1.mp4; 2025_02_20_coin_guide_1.mp4; 2025_02_20_forrestunfiltered.mp4; 2025_02_20_titovlogs77.mp4; 2025_02_20_coin_guide_2.mp4; 2025_02_20_imcameronscrubs_1.mp4; 2025_02_20_imcameronscrubs.mp4; 2025_02_20_imcameronscrubs_2.mp4; 2025_02_20_coin_guide_3.mp4; 2025_02_20_coinbureau.mp4; 2025_02_20_forrestunfiltered_2.mp4; 2025_02_20_forrestunfiltered_1.mp4; 2025_02_20_coin_guide_5.mp4,0.3328192951223089,POSITIVE,-0.18825633649693552,0.1394746438600123,0.4625,Multimodal Fusion (Whisper + CLIP + Qwen3-VL),2025-11-16T19:34:56.909939
2025-02-21,15,2025_02_21_imcameronscrubs.mp4; 2025_02_21_coin_guide.mp4; 2025_02_21_coin_guide_6.mp4; 2025_02_21_forrestunfiltered.mp4; 2025_02_21_imcameronscrubs_1.mp4; 2025_02_21_imcameronscrubs_2.mp4; 2025_02_21_coin_guide_3.mp4; 2025_02_21_layahheilpernofficial.mp4; 2025_02_21_girlgone_crypto.mp4; 2025_02_21_titovlogs77.mp4; 2025_02_21_coin_guide_1.mp4; 2025_02_21_coin_guide_2.mp4; 2025_02_21_titovlogs77_1.mp4; 2025_02_21_coin_guide_5.mp4; 2025_02_21_coin_guide_4.mp4,0.26879574568873515,POSITIVE,-0.14783404382011575,0.2278957503537337,0.33999999999999997,Multimodal Fusion (Whisper + CLIP + Qwen3-VL),2025-11-16T19:30:55.276334
2025-02-22,9,2025_02_22_imcameronscrubs_1.mp4; 2025_02_22_forrestunfiltered_2.mp4; 2025_02_22_forrestunfiltered_1.mp4; 2025_02_22_imcameronscrubs.mp4; 2025_02_22_coin_guide.mp4; 2025_02_22_forrestunfiltered.mp4; 2025_02_22_layahheilpernofficial.mp4; 2025_02_22_titovlogs77.mp4; 2025_02_22_forrestunfiltered_3.mp4,0.26554945787376494,POSITIVE,-0.27251238634986974,0.18067014921042654,0.36666666666666664,Multimodal Fusion (Whisper + CLIP + Qwen3-VL),2025-11-16T18:57:18.719665
2025-02-23,12,2025_02_23_theblockchainboy_5.mp4; 2025_02_23_forrestunfiltered_2.mp4; 2025_02_23_coin_guide.mp4; 2025_02_23_titovlogs77.mp4; 2025_02_23_theblockchainboy_1.mp4; 2025_02_23_forrestunfiltered.mp4; 2025_02_23_imcameronscrubs.mp4; 2025_02_23_forrestunfiltered_1.mp4; 2025_02_23_theblockchainboy_3.mp4; 2025_02_23_theblockchainboy_2.mp4; 2025_02_23_theblockchainboy_4.mp4; 2025_02_23_theblockchainboy.mp4,0.2532483874845904,POSITIVE,-0.09611531710783493,0.1038829293102026,0.3458333333333334,Multimodal Fusion (Whisper + CLIP + Qwen3-VL),2025-11-16T21:17:23.742389
2025-02-24,13,2025_02_24_imcameronscrubs.mp4; 2025_02_24_coinbureau.mp4; 2025_02_24_titovlogs77_1.mp4; 2025_02_24_imcameronscrubs_2.mp4; 2025_02_24_imcameronscrubs_1.mp4; 2025_02_24_coin_guide_1.mp4; 2025_02_24_coin_guide_2.mp4; 2025_02_24_coin_guide.mp4; 2025_02_24_titovlogs77.mp4; 2025_02_24_titovlogs77_2.mp4; 2025_02_24_forrestunfiltered_1.mp4; 2025_02_24_forrestunfiltered_2.mp4; 2025_02_24_forrestunfiltered.mp4,0.14400296442502306,NEUTRAL,-0.21014526030714398,0.17893360612484124,0.1846153846153846,Multimodal Fusion (Whisper + CLIP + Qwen3-VL),2025-11-16T19:14:11.808568
2025-02-25,11,2025_02_25_forrestunfiltered_2.mp4; 2025_02_25_forrestunfiltered.mp4; 2025_02_25_imcameronscrubs.mp4; 2025_02_25_titovlogs77_1.mp4; 2025_02_25_coin_guide_1.mp4; 2025_02_25_imcameronscrubs_1.mp4; 2025_02_25_coinbureau.mp4; 2025_02_25_forrestunfiltered_1.mp4; 2025_02_25_coin_guide.mp4; 2025_02_25_theblockchainboy.mp4; 2025_02_25_titovlogs77.mp4,-0.017257144762146483,NEUTRAL,-0.44484945521548674,0.15204809470610184,-0.00454545454545455,Multimodal Fusion (Whisper + CLIP + Qwen3-VL),2025-11-16T19:30:17.191436
2025-02-26,15,2025_02_26_coinbureau.mp4; 2025_02_26_coin_guide_2.mp4; 2025_02_26_coin_guide.mp4; 2025_02_26_coinbureau_2.mp4; 2025_02_26_coinbureau_1.mp4; 2025_02_26_coin_guide_1.mp4; 2025_02_26_titovlogs77.mp4; 2025_02_26_forrestunfiltered_2.mp4; 2025_02_26_imcameronscrubs.mp4; 2025_02_26_im.cryptochino.mp4; 2025_02_26_forrestunfiltered.mp4; 2025_02_26_forrestunfiltered_1.mp4; 2025_02_26_titovlogs77_1.mp4; 2025_02_26_layahtrades.mp4; 2025_02_26_imcameronscrubs_1.mp4,0.15098635248281528,NEUTRAL,-0.3091699632070492,0.139516744017601,0.22,Multimodal Fusion (Whisper + CLIP + Qwen3-VL),2025-11-16T19:30:50.885975
2025-02-27,12,2025_02_27_coin_guide_1.mp4; 2025_02_27_layahheilpernofficial_1.mp4; 2025_02_27_coin_guide_3.mp4; 2025_02_27_layahheilpernofficial.mp4; 2025_02_27_coin_guide_2.mp4; 2025_02_27_coin_guide.mp4; 2025_02_27_titovlogs77.mp4; 2025_02_27_coinbureau.mp4; 2025_02_27_titovlogs77_1.mp4; 2025_02_27_imcameronscrubs.mp4; 2025_02_27_titovlogs77_2.mp4; 2025_02_27_forrestunfiltered.mp4,-0.03426849209557,NEUTRAL,-0.27735359502733004,0.2152510037024816,-0.07083333333333335,Multimodal Fusion (Whisper + CLIP + Qwen3-VL),2025-11-16T19:59:57.255562
2025-02-28,18,2025_02_28_coin_guide_3.mp4; 2025_02_28_coin_guide.mp4; 2025_02_28_coinbureau.mp4; 2025_02_28_forrestunfiltered_3.mp4; 2025_02_28_forrestunfiltered_1.mp4; 2025_02_28_coin_guide_1.mp4; 2025_02_28_layahheilpernofficial.mp4; 2025_02_28_im.cryptochino.mp4; 2025_02_28_imcameronscrubs_1.mp4; 2025_02_28_titovlogs77_2.mp4; 2025_02_28_girlgone_crypto.mp4; 2025_02_28_imcameronscrubs.mp4; 2025_02_28_forrestunfiltered_4.mp4; 2025_02_28_forrestunfiltered.mp4; 2025_02_28_titovlogs77_1.mp4; 2025_02_28_coin_guide_2.mp4; 2025_02_28_forrestunfiltered_2.mp4; 2025_02_28_titovlogs77.mp4,-0.008606151087215784,NEUTRAL,-0.23609717961613919,0.1916845010386573,-0.03333333333333335,Multimodal Fusion (Whisper + CLIP + Qwen3-VL),2025-11-16T19:45:22.604720
2025-03-01,8,2025_03_01_coin_guide.mp4; 2025_03_01_forrestunfiltered_2.mp4; 2025_03_01_imcameronscrubs.mp4; 2025_03_01_forrestunfiltered_1.mp4; 2025_03_01_titovlogs77_1.mp4; 2025_03_01_forrestunfiltered.mp4; 2025_03_01_coin_guide_1.mp4; 2025_03_01_titovlogs77.mp4,0.1878831166985504,NEUTRAL,-0.11402701230061807,0.27455408964306116,0.20625,Multimodal Fusion (Whisper + CLIP + Qwen3-VL),2025-11-16T18:24:41.917072
2025-03-02,12,2025_03_02_imcameronscrubs.mp4; 2025_03_02_theblockchainboy_1.mp4; 2025_03_02_im.cryptochino.mp4; 2025_03_02_theblockchainboy.mp4; 2025_03_02_forrestunfiltered_1.mp4; 2025_03_02_layahheilpernofficial.mp4; 2025_03_02_theblockchainboy_2.mp4; 2025_03_02_coin_guide.mp4; 2025_03_02_forrestunfiltered.mp4; 2025_03_02_imcameronscrubs_1.mp4; 2025_03_02_coin_guide_1.mp4; 2025_03_02_forrestunfiltered_2.mp4,0.6013822578937484,POSITIVE,0.32415433332390964,0.2198341228067875,0.75,Multimodal Fusion (Whisper + CLIP + Qwen3-VL),2025-11-16T19:07:10.707194
2025-03-03,18,2025_03_03_coin_guide_1.mp4; 2025_03_03_titovlogs77_1.mp4; 2025_03_03_coinbureau.mp4; 2025_03_03_imcameronscrubs_1.mp4; 2025_03_03_imcameronscrubs.mp4; 2025_03_03_forrestunfiltered_1.mp4; 2025_03_03_theblockchainboy.mp4; 2025_03_03_coin_guide_3.mp4; 2025_03_03_coin_guide_2.mp4; 2025_03_03_coin_guide_4.mp4; 2025_03_03_theblockchainboy_2.mp4; 2025_03_03_titovlogs77_2.mp4; 2025_03_03_coin_guide_5.mp4; 2025_03_03_theblockchainboy_3.mp4; 2025_03_03_theblockchainboy_1.mp4; 2025_03_03_forrestunfiltered.mp4; 2025_03_03_coin_guide.mp4; 2025_03_03_titovlogs77.mp4,-0.016739678475663503,NEUTRAL,-0.11470814415221851,0.10004456858668062,-0.03611111111111111,Multimodal Fusion (Whisper + CLIP + Qwen3-VL),2025-11-16T19:08:31.071713
2025-03-04,17,2025_03_04_coin_guide_2.mp4; 2025_03_04_titovlogs77.mp4; 2025_03_04_imcameronscrubs.mp4; 2025_03_04_forrestunfiltered.mp4; 2025_03_04_titovlogs77_1.mp4; 2025_03_04_coin_guide_4.mp4; 2025_03_04_theblockchainboy.mp4; 2025_03_04_coinbureau_1.mp4; 2025_03_04_theblockchainboy_1.mp4; 2025_03_04_coinbureau_2.mp4; 2025_03_04_forrestunfiltered_1.mp4; 2025_03_04_coin_guide_5.mp4; 2025_03_04_imcameronscrubs_1.mp4; 2025_03_04_coin_guide_3.mp4; 2025_03_04_coin_guide.mp4; 2025_03_04_coin_guide_1.mp4; 2025_03_04_coinbureau.mp4,-0.15372250335568557,NEUTRAL,-0.3326584297455075,0.09771669809432591,-0.19999999999999998,Multimodal Fusion (Whisper + CLIP + Qwen3-VL),2025-11-16T20:36:56.279905
2025-03-05,16,2025_03_05_coin_guide_5.mp4; 2025_03_05_coin_guide_1.mp4; 2025_03_05_coin_guide_3.mp4; 2025_03_05_coin_guide_7.mp4; 2025_03_05_coin_guide_2.mp4; 2025_03_05_coin_guide_4.mp4; 2025_03_05_titovlogs77_1.mp4; 2025_03_05_titovlogs77_2.mp4; 2025_03_05_imcameronscrubs_1.mp4; 2025_03_05_titovlogs77.mp4; 2025_03_05_coin_guide_6.mp4; 2025_03_05_coinbureau.mp4; 2025_03_05_coin_guide.mp4; 2025_03_05_coin_guide_8.mp4; 2025_03_05_imcameronscrubs.mp4; 2025_03_05_imcameronscrubs_2.mp4,-0.09825943860824034,NEUTRAL,0.06879545500103355,0.1633675794582814,-0.196875,Multimodal Fusion (Whisper + CLIP + Qwen3-VL),2025-11-16T18:06:07.743395
2025-03-06,11,2025_03_06_coinbureau.mp4; 2025_03_06_im.cryptochino.mp4; 2025_03_06_coin_guide_2.mp4; 2025_03_06_coin_guide.mp4; 2025_03_06_forrestunfiltered.mp4; 2025_03_06_titovlogs77_1.mp4; 2025_03_06_coin_guide_1.mp4; 2025_03_06_titovlogs77_2.mp4; 2025_03_06_titovlogs77.mp4; 2025_03_06_titovlogs77_3.mp4; 2025_03_06_imcameronscrubs.mp4,0.3999787548168792,POSITIVE,0.0713200983520018,0.1346882703629407,0.5227272727272727,Multimodal Fusion (Whisper + CLIP + Qwen3-VL),2025-11-16T18:47:55.387179
2025-03-07,19,2025_03_07_imcameronscrubs_1.mp4; 2025_03_07_girlgone_crypto.mp4; 2025_03_07_layahheilpernofficial_1.mp4; 2025_03_07_titovlogs77.mp4; 2025_03_07_forrestunfiltered_1.mp4; 2025_03_07_coin_guide_6.mp4; 2025_03_07_coin_guide_3.mp4; 2025_03_07_imcameronscrubs_2.mp4; 2025_03_07_coin_guide_4.mp4; 2025_03_07_coin_guide_1.mp4; 2025_03_07_coin_guide_5.mp4; 2025_03_07_layahheilpernofficial.mp4; 2025_03_07_imcameronscrubs.mp4; 2025_03_07_coin_guide_2.mp4; 2025_03_07_layahheilpernofficial_2.mp4; 2025_03_07_coinbureau.mp4; 2025_03_07_forrestunfiltered.mp4; 2025_03_07_titovlogs77_1.mp4; 2025_03_07_coin_guide.mp4,-0.035397743574645694,NEUTRAL,-0.08202587107057378,0.25086632292521627,-0.1105263157894737,Multimodal Fusion (Whisper + CLIP + Qwen3-VL),2025-11-16T21:01:49.777196
2025-03-08,7,2025_03_08_coin_guide.mp4; 2025_03_08_forrestunfiltered.mp4; 2025_03_08_imcameronscrubs.mp4; 2025_03_08_forrestunfiltered_1.mp4; 2025_03_08_titovlogs77.mp4; 2025_03_08_coin_guide_1.mp4; 2025_03_08_imcameronscrubs_1.mp4,0.010683521583679119,NEUTRAL,-0.3704578204026966,0.1636465181197439,0.021428571428571432,Multimodal Fusion (Whisper + CLIP + Qwen3-VL),2025-11-16T21:06:06.639540
2025-03-09,6,2025_03_09_coin_guide.mp4; 2025_03_09_coin_guide_1.mp4; 2025_03_09_im.cryptochino.mp4; 2025_03_09_coin_guide_2.mp4; 2025_03_09_imcameronscrubs_1.mp4; 2025_03_09_imcameronscrubs.mp4,-0.18371751463255856,NEUTRAL,-0.3556495294810904,0.19257052491108576,-0.26666666666666666,Multimodal Fusion (Whisper + CLIP + Qwen3-VL),2025-11-16T21:30:30.068748
2025-03-10,15,2025_03_10_coin_guide_3.mp4; 2025_03_10_imcameronscrubs_1.mp4; 2025_03_10_forrestunfiltered_2.mp4; 2025_03_10_forrestunfiltered.mp4; 2025_03_10_coinbureau.mp4; 2025_03_10_forrestunfiltered_1.mp4; 2025_03_10_titovlogs77.mp4; 2025_03_10_imcameronscrubs.mp4; 2025_03_10_layahheilpernofficial.mp4; 2025_03_10_coin_guide_2.mp4; 2025_03_10_coin_guide.mp4; 2025_03_10_titovlogs77_1.mp4; 2025_03_10_coin_guide_1.mp4; 2025_03_10_coin_guide_5.mp4; 2025_03_10_coin_guide_4.mp4,-0.35929256181806135,NEGATIVE,-0.3769061804701694,0.20032361447811126,-0.5166666666666667,Multimodal Fusion (Whisper + CLIP + Qwen3-VL),2025-11-16T19:54:05.433811
2025-03-11,21,2025_03_11_titovlogs77_2.mp4; 2025_03_11_coin_guide_3.mp4; 2025_03_11_coin_guide_8.mp4; 2025_03_11_coin_guide_6.mp4; 2025_03_11_imcameronscrubs_2.mp4; 2025_03_11_forrestunfiltered_1.mp4; 2025_03_11_titovlogs77.mp4; 2025_03_11_coin_guide_10.mp4; 2025_03_11_forrestunfiltered.mp4; 2025_03_11_coin_guide_5.mp4; 2025_03_11_coin_guide_1.mp4; 2025_03_11_imcameronscrubs.mp4; 2025_03_11_coin_guide_2.mp4; 2025_03_11_coinbureau.mp4; 2025_03_11_imcameronscrubs_1.mp4; 2025_03_11_coin_guide_7.mp4; 2025_03_11_coin_guide_4.mp4; 2025_03_11_layahtrades.mp4; 2025_03_11_titovlogs77_1.mp4; 2025_03_11_coin_guide.mp4; 2025_03_11_coin_guide_9.mp4,-0.06636225438216925,NEUTRAL,-0.2288471924080337,0.1992789909598373,-0.11904761904761904,Multimodal Fusion (Whisper + CLIP + Qwen3-VL),2025-11-16T17:59:22.223371
2025-03-12,17,2025_03_12_coinbureau.mp4; 2025_03_12_coin_guide_5.mp4; 2025_03_12_theblockchainboy_1.mp4; 2025_03_12_coinbureau_1.mp4; 2025_03_12_coin_guide_6.mp4; 2025_03_12_coin_guide_2.mp4; 2025_03_12_coin_guide.mp4; 2025_03_12_titovlogs77.mp4; 2025_03_12_coin_guide_3.mp4; 2025_03_12_imcameronscrubs.mp4; 2025_03_12_coin_guide_1.mp4; 2025_03_12_theblockchainboy.mp4; 2025_03_12_titovlogs77_1.mp4; 2025_03_12_forrestunfiltered.mp4; 2025_03_12_coinbureau_2.mp4; 2025_03_12_titovlogs77_2.mp4; 2025_03_12_coin_guide_4.mp4,0.03610233843272404,NEUTRAL,-0.06095942645053601,0.15952081715359406,0.01470588235294117,Multimodal Fusion (Whisper + CLIP + Qwen3-VL),2025-11-16T18:14:36.954514
2025-03-13,17,2025_03_13_coinbureau.mp4; 2025_03_13_titovlogs77_2.mp4; 2025_03_13_imcameronscrubs.mp4; 2025_03_13_coin_guide_4.mp4; 2025_03_13_coin_guide_6.mp4; 2025_03_13_titovlogs77_3.mp4; 2025_03_13_coin_guide_2.mp4; 2025_03_13_titovlogs77_4.mp4; 2025_03_13_imcameronscrubs_1.mp4; 2025_03_13_coin_guide_3.mp4; 2025_03_13_titovlogs77_5.mp4; 2025_03_13_coin_guide.mp4; 2025_03_13_titovlogs77.mp4; 2025_03_13_coin_guide_1.mp4; 2025_03_13_titovlogs77_1.mp4; 2025_03_13_forrestunfiltered.mp4; 2025_03_13_coin_guide_5.mp4,-0.01689217375199837,NEUTRAL,-0.12880175864681503,0.13435177526929798,-0.04411764705882354,Multimodal Fusion (Whisper + CLIP + Qwen3-VL),2025-11-16T19:52:56.243780
2025-03-14,9,2025_03_14_layahheilpernofficial.mp4; 2025_03_14_forrestunfiltered_1.mp4; 2025_03_14_forrestunfiltered.mp4; 2025_03_14_coin_guide.mp4; 2025_03_14_imcameronscrubs_1.mp4; 2025_03_14_imcameronscrubs.mp4; 2025_03_14_coin_guide_1.mp4; 2025_03_14_imcameronscrubs_2.mp4; 2025_03_14_coinbureau.mp4,0.21451321827374642,POSITIVE,-0.368840222855136,0.2653195361296336,0.2833333333333333,Multimodal Fusion (Whisper + CLIP + Qwen3-VL),2025-11-16T18:34:46.634638
2025-03-15,15,2025_03_15_imcameronscrubs_1.mp4; 2025_03_15_coin_guide_5.mp4; 2025_03_15_forrestunfiltered.mp4; 2025_03_15_girlgone_crypto.mp4; 2025_03_15_imcameronscrubs_2.mp4; 2025_03_15_coin_guide_7.mp4; 2025_03_15_forrestunfiltered_1.mp4; 2025_03_15_coin_guide.mp4; 2025_03_15_coin_guide_3.mp4; 2025_03_15_im.cryptochino.mp4; 2025_03_15_coin_guide_1.mp4; 2025_03_15_coin_guide_2.mp4; 2025_03_15_coin_guide_6.mp4; 2025_03_15_imcameronscrubs.mp4; 2025_03_15_coin_guide_4.mp4,0.0670663243574077,NEUTRAL,-0.11517742788575687,0.1829203357299169,0.05999999999999999,Multimodal Fusion (Whisper + CLIP + Qwen3-VL),2025-11-16T20:22:53.962864
2025-03-16,3,2025_03_16_imcameronscrubs.mp4; 2025_03_16_forrestunfiltered.mp4; 2025_03_16_imcameronscrubs_1.mp4,0.39358095421152944,POSITIVE,-0.3686810469868145,0.1689119612177213,0.5666666666666667,Multimodal Fusion (Whisper + CLIP + Qwen3-VL),2025-11-16T20:57:04.411597
2025-03-17,12,2025_03_17_forrestunfiltered_1.mp4; 2025_03_17_forrestunfiltered.mp4; 2025_03_17_imcameronscrubs.mp4; 2025_03_17_coin_guide.mp4; 2025_03_17_girlgone_crypto.mp4; 2025_03_17_coin_guide_3.mp4; 2025_03_17_coinbureau.mp4; 2025_03_17_titovlogs77.mp4; 2025_03_17_coin_guide_1.mp4; 2025_03_17_imcameronscrubs_1.mp4; 2025_03_17_titovlogs77_1.mp4; 2025_03_17_coin_guide_2.mp4,-0.07747383093224908,NEUTRAL,-0.007965221542810116,0.21453012277682623,-0.1708333333333333,Multimodal Fusion (Whisper + CLIP + Qwen3-VL),2025-11-16T18:48:47.951608
2025-03-18,12,2025_03_18_coin_guide_1.mp4; 2025_03_18_coinbureau_1.mp4; 2025_03_18_layahheilpernofficial.mp4; 2025_03_18_layahheilpernofficial_1.mp4; 2025_03_18_coin_guide_2.mp4; 2025_03_18_coinbureau_2.mp4; 2025_03_18_imcameronscrubs.mp4; 2025_03_18_titovlogs77.mp4; 2025_03_18_imcameronscrubs_1.mp4; 2025_03_18_coin_guide.mp4; 2025_03_18_coinbureau.mp4; 2025_03_18_titovlogs77_1.mp4,0.055573332255502796,NEUTRAL,-0.36748588809946897,0.22827627199391523,0.06666666666666667,Multimodal Fusion (Whisper + CLIP + Qwen3-VL),2025-11-16T18:53:01.272345
2025-03-19,18,2025_03_19_coin_guide_1.mp4; 2025_03_19_forrestunfiltered_1.mp4; 2025_03_19_layahheilpernofficial.mp4; 2025_03_19_forrestunfiltered.mp4; 2025_03_19_titovlogs77.mp4; 2025_03_19_coinbureau.mp4; 2025_03_19_im.cryptochino.mp4; 2025_03_19_coin_guide_2.mp4; 2025_03_19_coin_guide_5.mp4; 2025_03_19_imcameronscrubs.mp4; 2025_03_19_coin_guide_7.mp4; 2025_03_19_coin_guide.mp4; 2025_03_19_coin_guide_4.mp4; 2025_03_19_coin_guide_6.mp4; 2025_03_19_imcameronscrubs_1.mp4; 2025_03_19_coin_guide_3.mp4; 2025_03_19_forrestunfiltered_2.mp4; 2025_03_19_titovlogs77_1.mp4,0.2940407990105354,POSITIVE,-0.19721092182324662,0.2271427892976337,0.38333333333333336,Multimodal Fusion (Whisper + CLIP + Qwen3-VL),2025-11-16T19:13:36.956072
2025-03-20,13,2025_03_20_coin_guide_4.mp4; 2025_03_20_coin_guide_1.mp4; 2025_03_20_coin_guide_2.mp4; 2025_03_20_theblockchainboy_1.mp4; 2025_03_20_forrestunfiltered_1.mp4; 2025_03_20_coinbureau.mp4; 2025_03_20_forrestunfiltered_2.mp4; 2025_03_20_titovlogs77.mp4; 2025_03_20_theblockchainboy.mp4; 2025_03_20_coin_guide.mp4; 2025_03_20_coin_guide_3.mp4; 2025_03_20_forrestunfiltered.mp4; 2025_03_20_imcameronscrubs.mp4,0.1319936312234285,NEUTRAL,-0.3482247833298971,0.12061900932055253,0.20384615384615387,Multimodal Fusion (Whisper + CLIP + Qwen3-VL),2025-11-16T19:36:50.898316
2025-03-21,10,2025_03_21_forrestunfiltered.mp4; 2025_03_21_coin_guide.mp4; 2025_03_21_coin_guide_2.mp4; 2025_03_21_imcameronscrubs_1.mp4; 2025_03_21_coin_guide_1.mp4; 2025_03_21_titovlogs77.mp4; 2025_03_21_coin_guide_3.mp4; 2025_03_21_imcameronscrubs.mp4; 2025_03_21_titovlogs77_1.mp4; 2025_03_21_imcameronscrubs_2.mp4,-0.032016797731816135,NEUTRAL,-0.4345420522540742,0.12718703746795654,-0.019999999999999997,Multimodal Fusion (Whisper + CLIP + Qwen3-VL),2025-11-16T21:05:53.257117
2025-03-22,7,2025_03_22_coin_guide_1.mp4; 2025_03_22_imcameronscrubs.mp4; 2025_03_22_imcameronscrubs_1.mp4; 2025_03_22_titovlogs77.mp4; 2025_03_22_titovlogs77_1.mp4; 2025_03_22_forrestunfiltered.mp4; 2025_03_22_coin_guide.mp4,0.09849861678910947,NEUTRAL,-0.2239914368727536,0.12948880238192423,0.1357142857142857,Multimodal Fusion (Whisper + CLIP + Qwen3-VL),2025-11-16T21:12:02.911722
2025-03-23,5,2025_03_23_forrestunfiltered.mp4; 2025_03_23_coin_guide.mp4; 2025_03_23_imcameronscrubs.mp4; 2025_03_23_titovlogs77.mp4; 2025_03_23_imcameronscrubs_1.mp4,-0.10832890884880367,NEUTRAL,-0.32889018821757476,0.14780054986476898,-0.15,Multimodal Fusion (Whisper + CLIP + Qwen3-VL),2025-11-16T20:53:10.562461
2025-03-24,12,2025_03_24_coin_guide_1.mp4; 2025_03_24_coinbureau.mp4; 2025_03_24_titovlogs77_3.mp4; 2025_03_24_titovlogs77_1.mp4; 2025_03_24_imcameronscrubs.mp4; 2025_03_24_titovlogs77.mp4; 2025_03_24_layahheilpernofficial.mp4; 2025_03_24_coin_guide_2.mp4; 2025_03_24_coin_guide_3.mp4; 2025_03_24_coin_guide.mp4; 2025_03_24_forrestunfiltered.mp4; 2025_03_24_titovlogs77_2.mp4,0.29647978514626216,POSITIVE,0.3645001078838696,0.22098220512270927,0.30833333333333335,Multimodal Fusion (Whisper + CLIP + Qwen3-VL),2025-11-16T21:29:44.260777
2025-03-25,18,2025_03_25_coin_guide.mp4; 2025_03_25_coin_guide_4.mp4; 2025_03_25_theblockchainboy.mp4; 2025_03_25_imcameronscrubs.mp4; 2025_03_25_theblockchainboy_2.mp4; 2025_03_25_coin_guide_2.mp4; 2025_03_25_forrestunfiltered.mp4; 2025_03_25_coinbureau_2.mp4; 2025_03_25_theblockchainboy_1.mp4; 2025_03_25_coinbureau.mp4; 2025_03_25_layahheilpernofficial.mp4; 2025_03_25_coinbureau_1.mp4; 2025_03_25_titovlogs77.mp4; 2025_03_25_coin_guide_5.mp4; 2025_03_25_titovlogs77_1.mp4; 2025_03_25_coin_guide_6.mp4; 2025_03_25_coin_guide_1.mp4; 2025_03_25_coin_guide_3.mp4,0.45449460575513684,POSITIVE,0.1670142807430008,0.22507699951529503,0.5611111111111111,Multimodal Fusion (Whisper + CLIP + Qwen3-VL),2025-11-16T20:51:44.753999
2025-03-26,15,2025_03_26_layahheilpernofficial.mp4; 2025_03_26_imcameronscrubs.mp4; 2025_03_26_coin_guide_7.mp4; 2025_03_26_coin_guide_1.mp4; 2025_03_26_coin_guide_2.mp4; 2025_03_26_im.cryptochino.mp4; 2025_03_26_coin_guide_5.mp4; 2025_03_26_coinbureau.mp4; 2025_03_26_titovlogs77.mp4; 2025_03_26_coin_guide_8.mp4; 2025_03_26_forrestunfiltered.mp4; 2025_03_26_coin_guide_4.mp4; 2025_03_26_coin_guide.mp4; 2025_03_26_coin_guide_6.mp4; 2025_03_26_coin_guide_3.mp4,0.45780684552694645,POSITIVE,0.2831590145930934,0.18745472033818564,0.56,Multimodal Fusion (Whisper + CLIP + Qwen3-VL),2025-11-16T18:59:50.442081
2025-03-27,9,2025_03_27_titovlogs77_1.mp4; 2025_03_27_titovlogs77.mp4; 2025_03_27_coinbureau.mp4; 2025_03_27_coin_guide_3.mp4; 2025_03_27_coin_guide_1.mp4; 2025_03_27_coin_guide_2.mp4; 2025_03_27_coin_guide.mp4; 2025_03_27_imcameronscrubs.mp4; 2025_03_27_imcameronscrubs_1.mp4,0.11020258428013942,NEUTRAL,0.26646058142416557,0.1066715195775032,0.08888888888888888,Multimodal Fusion (Whisper + CLIP + Qwen3-VL),2025-11-16T20:02:41.422159
2025-03-28,11,2025_03_28_coin_guide.mp4; 2025_03_28_imcameronscrubs.mp4; 2025_03_28_coin_guide_3.mp4; 2025_03_28_coin_guide_1.mp4; 2025_03_28_coin_guide_4.mp4; 2025_03_28_coin_guide_2.mp4; 2025_03_28_imcameronscrubs_1.mp4; 2025_03_28_forrestunfiltered.mp4; 2025_03_28_coinbureau.mp4; 2025_03_28_titovlogs77_1.mp4; 2025_03_28_titovlogs77.mp4,-0.20227861188594706,NEGATIVE,-0.3922029941839369,0.18698116493496028,-0.2863636363636364,Multimodal Fusion (Whisper + CLIP + Qwen3-VL),2025-11-16T18:58:51.035244
2025-03-29,8,2025_03_29_coin_guide_2.mp4; 2025_03_29_imcameronscrubs_1.mp4; 2025_03_29_forrestunfiltered.mp4; 2025_03_29_imcameronscrubs.mp4; 2025_03_29_coin_guide_3.mp4; 2025_03_29_coin_guide_1.mp4; 2025_03_29_coin_guide.mp4; 2025_03_29_titovlogs77.mp4,-0.2661783917754108,NEGATIVE,-0.19336872784715337,0.14391740504652262,-0.39375,Multimodal Fusion (Whisper + CLIP + Qwen3-VL),2025-11-16T20:51:33.950534
2025-03-30,6,2025_03_30_imcameronscrubs.mp4; 2025_03_30_imcameronscrubs_2.mp4; 2025_03_30_coin_guide.mp4; 2025_03_30_imcameronscrubs_1.mp4; 2025_03_30_forrestunfiltered.mp4; 2025_03_30_titovlogs77.mp4,-0.08176845518547188,NEUTRAL,-0.19435996888060303,0.125837708512942,-0.12500000000000003,Multimodal Fusion (Whisper + CLIP + Qwen3-VL),2025-11-16T18:49:23.579647
2025-03-31,12,2025_03_31_imcameronscrubs_2.mp4; 2025_03_31_imcameronscrubs_1.mp4; 2025_03_31_coin_guide.mp4; 2025_03_31_layahheilpernofficial.mp4; 2025_03_31_titovlogs77.mp4; 2025_03_31_forrestunfiltered.mp4; 2025_03_31_coin_guide_2.mp4; 2025_03_31_coinbureau.mp4; 2025_03_31_coin_guide_3.mp4; 2025_03_31_imcameronscrubs.mp4; 2025_03_31_coin_guide_4.mp4; 2025_03_31_coin_guide_1.mp4,-0.11275646281427348,NEUTRAL,-0.13444920129440283,0.1742756199091673,-0.19166666666666665,Multimodal Fusion (Whisper + CLIP + Qwen3-VL),2025-11-16T21:08:46.671430
2025-04-01,12,2025_04_01_coin_guide.mp4; 2025_04_01_coinbureau_1.mp4; 2025_04_01_coin_guide_3.mp4; 2025_04_01_imcameronscrubs.mp4; 2025_04_01_forrestunfiltered_1.mp4; 2025_04_01_coinbureau.mp4; 2025_04_01_layahheilpernofficial.mp4; 2025_04_01_coin_guide_2.mp4; 2025_04_01_forrestunfiltered.mp4; 2025_04_01_titovlogs77.mp4; 2025_04_01_coin_guide_1.mp4; 2025_04_01_titovlogs77_1.mp4,0.044213747491258226,NEUTRAL,-0.35567269812208563,0.15098841985066733,0.07083333333333335,Multimodal Fusion (Whisper + CLIP + Qwen3-VL),2025-11-16T21:27:34.045007
2025-04-02,8,2025_04_02_forrestunfiltered.mp4; 2025_04_02_coin_guide_1.mp4; 2025_04_02_titovlogs77_1.mp4; 2025_04_02_im.cryptochino.mp4; 2025_04_02_coin_guide_2.mp4; 2025_04_02_forrestunfiltered_1.mp4; 2025_04_02_titovlogs77.mp4; 2025_04_02_coin_guide.mp4,0.10270859483284482,NEUTRAL,0.0846668274728187,0.12120956042781472,0.09999999999999999,Multimodal Fusion (Whisper + CLIP + Qwen3-VL),2025-11-16T21:08:20.755802
2025-04-03,8,2025_04_03_coin_guide_3.mp4; 2025_04_03_coin_guide_4.mp4; 2025_04_03_coin_guide.mp4; 2025_04_03_coin_guide_1.mp4; 2025_04_03_coin_guide_2.mp4; 2025_04_03_titovlogs77.mp4; 2025_04_03_forrestunfiltered.mp4; 2025_04_03_coinbureau.mp4,-0.37328933420883115,NEGATIVE,-0.1876193805889782,0.08673801925033331,-0.53125,Multimodal Fusion (Whisper + CLIP + Qwen3-VL),2025-11-16T18:41:54.758829
2025-04-04,15,2025_04_04_coinbureau_1.mp4; 2025_04_04_im.cryptochino.mp4; 2025_04_04_coin_guide_5.mp4; 2025_04_04_coin_guide_6.mp4; 2025_04_04_titovlogs77.mp4; 2025_04_04_coin_guide_2.mp4; 2025_04_04_coin_guide_1.mp4; 2025_04_04_coin_guide_3.mp4; 2025_04_04_coin_guide.mp4; 2025_04_04_forrestunfiltered.mp4; 2025_04_04_coin_guide_4.mp4; 2025_04_04_titovlogs77_1.mp4; 2025_04_04_coin_guide_7.mp4; 2025_04_04_girlgone_crypto.mp4; 2025_04_04_coinbureau.mp4,0.052395061071055196,NEUTRAL,0.1141068855458205,0.16992186258236566,0.010000000000000002,Multimodal Fusion (Whisper + CLIP + Qwen3-VL),2025-11-16T18:11:51.138234
2025-04-05,3,2025_04_05_imcameronscrubs.mp4; 2025_04_05_titovlogs77.mp4; 2025_04_05_coin_guide.mp4,0.3960573676287922,POSITIVE,0.1300137530364521,0.0486132949590683,0.5333333333333333,Multimodal Fusion (Whisper + CLIP + Qwen3-VL),2025-11-16T20:32:09.089808
2025-04-06,6,2025_04_06_forrestunfiltered.mp4; 2025_04_06_coin_guide_1.mp4; 2025_04_06_im.cryptochino.mp4; 2025_04_06_forrestunfiltered_1.mp4; 2025_04_06_titovlogs77.mp4; 2025_04_06_coin_guide.mp4,-0.11347646039191421,NEUTRAL,0.369434979909307,0.18123354141910872,-0.26666666666666666,Multimodal Fusion (Whisper + CLIP + Qwen3-VL),2025-11-16T21:19:23.170357
2025-04-07,14,2025_04_07_coin_guide_6.mp4; 2025_04_07_coin_guide_8.mp4; 2025_04_07_coin_guide.mp4; 2025_04_07_coin_guide_1.mp4; 2025_04_07_coin_guide_7.mp4; 2025_04_07_coin_guide_5.mp4; 2025_04_07_layahheilpernofficial.mp4; 2025_04_07_layahheilpernofficial_1.mp4; 2025_04_07_coinbureau.mp4; 2025_04_07_coin_guide_4.mp4; 2025_04_07_titovlogs77.mp4; 2025_04_07_coin_guide_3.mp4; 2025_04_07_coin_guide_2.mp4; 2025_04_07_forrestunfiltered.mp4,0.032282020808465414,NEUTRAL,-0.24526901397187087,0.25904461102826254,0.00714285714285715,Multimodal Fusion (Whisper + CLIP + Qwen3-VL),2025-11-16T18:25:15.892925
2025-04-08,5,2025_04_08_titovlogs77_1.mp4; 2025_04_08_titovlogs77.mp4; 2025_04_08_coinbureau.mp4; 2025_04_08_coin_guide_1.mp4; 2025_04_08_coin_guide.mp4,0.15071299135019106,NEUTRAL,0.06750007205503414,0.08981492072343826,0.18000000000000002,Multimodal Fusion (Whisper + CLIP + Qwen3-VL),2025-11-16T20:52:36.676980
2025-04-09,13,2025_04_09_theblockchainboy_1.mp4; 2025_04_09_forrestunfiltered.mp4; 2025_04_09_coin_guide_2.mp4; 2025_04_09_coinbureau.mp4; 2025_04_09_coin_guide_5.mp4; 2025_04_09_coin_guide_6.mp4; 2025_04_09_coin_guide_4.mp4; 2025_04_09_titovlogs77.mp4; 2025_04_09_coin_guide_7.mp4; 2025_04_09_coin_guide_3.mp4; 2025_04_09_coin_guide.mp4; 2025_04_09_coin_guide_1.mp4; 2025_04_09_theblockchainboy.mp4,-0.03795365842870664,NEUTRAL,0.05619737158224154,0.09174840668073067,-0.0884615384615385,Multimodal Fusion (Whisper + CLIP + Qwen3-VL),2025-11-16T18:42:55.799161
2025-04-10,10,2025_04_10_coin_guide_1.mp4; 2025_04_10_coin_guide_3.mp4; 2025_04_10_coin_guide_6.mp4; 2025_04_10_forrestunfiltered.mp4; 2025_04_10_coin_guide.mp4; 2025_04_10_coin_guide_2.mp4; 2025_04_10_coinbureau.mp4; 2025_04_10_titovlogs77.mp4; 2025_04_10_coin_guide_4.mp4; 2025_04_10_coin_guide_5.mp4,0.3811360302862842,POSITIVE,0.25362651735277897,0.13386689275503158,0.47000000000000003,Multimodal Fusion (Whisper + CLIP + Qwen3-VL),2025-11-16T20:33:17.222648
2025-04-11,11,2025_04_11_forrestunfiltered.mp4; 2025_04_11_coin_guide_4.mp4; 2025_04_11_coin_guide_1.mp4; 2025_04_11_girlgone_crypto.mp4; 2025_04_11_coin_guide_2.mp4; 2025_04_11_coinbureau_2.mp4; 2025_04_11_coinbureau_1.mp4; 2025_04_11_coinbureau.mp4; 2025_04_11_coin_guide_3.mp4; 2025_04_11_titovlogs77.mp4; 2025_04_11_coin_guide.mp4,0.21967429040031153,POSITIVE,-0.06260362231621536,0.07967326315966519,0.3,Multimodal Fusion (Whisper + CLIP + Qwen3-VL),2025-11-16T18:21:59.841511
2025-04-12,6,2025_04_12_coin_guide.mp4; 2025_04_12_titovlogs77.mp4; 2025_04_12_coin_guide_1.mp4; 2025_04_12_forrestunfiltered.mp4; 2025_04_12_coin_guide_2.mp4; 2025_04_12_im.cryptochino.mp4,0.47167640149226076,POSITIVE,0.3860198164612337,0.15287209923068681,0.5750000000000001,Multimodal Fusion (Whisper + CLIP + Qwen3-VL),2025-11-16T18:28:41.662121
2025-04-13,2,2025_04_13_coin_guide.mp4; 2025_04_13_imcameronscrubs.mp4,0.3198527927675464,POSITIVE,-0.2490490660283785,0.14878849685192108,0.45,Multimodal Fusion (Whisper + CLIP + Qwen3-VL),2025-11-16T20:21:12.388994
2025-04-14,6,2025_04_14_coin_guide_1.mp4; 2025_04_14_forrestunfiltered.mp4; 2025_04_14_titovlogs77.mp4; 2025_04_14_coinbureau.mp4; 2025_04_14_coin_guide.mp4; 2025_04_14_layahheilpernofficial.mp4,0.1490722227930353,NEUTRAL,-0.055934699536039245,0.3066617970665296,0.13333333333333333,Multimodal Fusion (Whisper + CLIP + Qwen3-VL),2025-11-16T20:27:53.761786
2025-04-15,8,2025_04_15_coinbureau_2.mp4; 2025_04_15_coin_guide.mp4; 2025_04_15_forrestunfiltered.mp4; 2025_04_15_titovlogs77_1.mp4; 2025_04_15_coinbureau.mp4; 2025_04_15_coinbureau_1.mp4; 2025_04_15_coin_guide_1.mp4; 2025_04_15_titovlogs77.mp4,0.4177162171969934,POSITIVE,0.3179803215663872,0.09209092520177364,0.525,Multimodal Fusion (Whisper + CLIP + Qwen3-VL),2025-11-16T21:25:34.550104
2025-04-16,12,2025_04_16_coin_guide_7.mp4; 2025_04_16_coin_guide_5.mp4; 2025_04_16_coin_guide_2.mp4; 2025_04_16_coin_guide_4.mp4; 2025_04_16_titovlogs77.mp4; 2025_04_16_coin_guide_8.mp4; 2025_04_16_coin_guide.mp4; 2025_04_16_coin_guide_9.mp4; 2025_04_16_coin_guide_3.mp4; 2025_04_16_coinbureau.mp4; 2025_04_16_coin_guide_6.mp4; 2025_04_16_coin_guide_1.mp4,-0.12289229553235675,NEUTRAL,-0.4184758642110334,0.1197764544437329,-0.15,Multimodal Fusion (Whisper + CLIP + Qwen3-VL),2025-11-16T19:51:01.231805
2025-04-17,7,2025_04_17_forrestunfiltered.mp4; 2025_04_17_coinbureau.mp4; 2025_04_17_layahheilpernofficial_1.mp4; 2025_04_17_im.cryptochino.mp4; 2025_04_17_layahheilpernofficial.mp4; 2025_04_17_coin_guide.mp4; 2025_04_17_imcameronscrubs.mp4,0.1751794628405817,NEUTRAL,-0.025800543352289523,0.36379758587905336,0.15,Multimodal Fusion (Whisper + CLIP + Qwen3-VL),2025-11-16T18:40:31.891636
2025-04-18,5,2025_04_18_forrestunfiltered.mp4; 2025_04_18_titovlogs77.mp4; 2025_04_18_coin_guide_1.mp4; 2025_04_18_coinbureau.mp4; 2025_04_18_coin_guide.mp4,-0.21418703258565402,NEGATIVE,-0.07295841341528697,0.08554404377937316,-0.32,Multimodal Fusion (Whisper + CLIP + Qwen3-VL),2025-11-16T18:25:02.122690
2025-04-19,4,2025_04_19_imcameronscrubs.mp4; 2025_04_19_coin_guide.mp4; 2025_04_19_forrestunfiltered.mp4; 2025_04_19_girlgone_crypto.mp4,0.2804306534649286,POSITIVE,-0.5154318265901469,0.25986918061971664,0.39999999999999997,Multimodal Fusion (Whisper + CLIP + Qwen3-VL),2025-11-16T19:34:00.278480
2025-04-20,2,2025_04_20_coin_guide.mp4; 2025_04_20_forrestunfiltered.mp4,0.09323396313882598,NEUTRAL,0.16531897074945046,0.2960103303194046,0.024999999999999967,Multimodal Fusion (Whisper + CLIP + Qwen3-VL),2025-11-16T18:48:24.567155
2025-04-21,6,2025_04_21_coin_guide.mp4; 2025_04_21_forrestunfiltered.mp4; 2025_04_21_coin_guide_1.mp4; 2025_04_21_coinbureau.mp4; 2025_04_21_titovlogs77.mp4; 2025_04_21_layahheilpernofficial.mp4,0.4863418782163696,POSITIVE,0.3737757726600135,0.29065483808517456,0.5583333333333333,Multimodal Fusion (Whisper + CLIP + Qwen3-VL),2025-11-16T21:09:53.029264
2025-04-22,9,2025_04_22_layahheilpernofficial.mp4; 2025_04_22_titovlogs77.mp4; 2025_04_22_coin_guide.mp4; 2025_04_22_coinbureau.mp4; 2025_04_22_coin_guide_2.mp4; 2025_04_22_coin_guide_3.mp4; 2025_04_22_theblockchainboy.mp4; 2025_04_22_coin_guide_4.mp4; 2025_04_22_coin_guide_1.mp4,0.21290651682717285,POSITIVE,-0.22467203931318214,0.1852019371257888,0.2833333333333333,Multimodal Fusion (Whisper + CLIP + Qwen3-VL),2025-11-16T19:11:23.751240
2025-04-23,10,2025_04_23_titovlogs77.mp4; 2025_04_23_coin_guide_4.mp4; 2025_04_23_coin_guide_2.mp4; 2025_04_23_im.cryptochino.mp4; 2025_04_23_coinbureau.mp4; 2025_04_23_coin_guide.mp4; 2025_04_23_forrestunfiltered.mp4; 2025_04_23_coin_guide_1.mp4; 2025_04_23_layahheilpernofficial.mp4; 2025_04_23_coin_guide_3.mp4,0.38731562753952165,POSITIVE,-0.03673469340437476,0.16994548439979554,0.51,Multimodal Fusion (Whisper + CLIP + Qwen3-VL),2025-11-16T21:03:26.817878
2025-04-24,9,2025_04_24_coin_guide_3.mp4; 2025_04_24_im.cryptochino.mp4; 2025_04_24_forrestunfiltered.mp4; 2025_04_24_coin_guide_2.mp4; 2025_04_24_titovlogs77.mp4; 2025_04_24_titovlogs77_1.mp4; 2025_04_24_coinbureau.mp4; 2025_04_24_coin_guide_1.mp4; 2025_04_24_coin_guide.mp4,0.3985654030677577,POSITIVE,0.42536126153690973,0.1662574956814448,0.46111111111111114,Multimodal Fusion (Whisper + CLIP + Qwen3-VL),2025-11-16T20:58:28.612761
2025-04-25,11,2025_04_25_coin_guide_3.mp4; 2025_04_25_titovlogs77.mp4; 2025_04_25_coin_guide_4.mp4; 2025_04_25_coin_guide_1.mp4; 2025_04_25_coinbureau.mp4; 2025_04_25_coin_guide_2.mp4; 2025_04_25_imcameronscrubs.mp4; 2025_04_25_layahheilpernofficial.mp4; 2025_04_25_coinbureau_1.mp4; 2025_04_25_coin_guide.mp4; 2025_04_25_titovlogs77_1.mp4,0.14903562451724567,NEUTRAL,0.14297943407448796,0.18050658736716618,0.1409090909090909,Multimodal Fusion (Whisper + CLIP + Qwen3-VL),2025-11-16T19:47:20.317218
2025-04-26,8,2025_04_26_imcameronscrubs.mp4; 2025_04_26_coin_guide_2.mp4; 2025_04_26_forrestunfiltered.mp4; 2025_04_26_coin_guide_1.mp4; 2025_04_26_coinbureau.mp4; 2025_04_26_imcameronscrubs_1.mp4; 2025_04_26_coin_guide.mp4; 2025_04_26_forrestunfiltered_1.mp4,0.1611047908932365,NEUTRAL,-0.027408305286966528,0.16297810710966587,0.1875,Multimodal Fusion (Whisper + CLIP + Qwen3-VL),2025-11-16T19:03:34.012762
2025-04-27,4,2025_04_27_coin_guide.mp4; 2025_04_27_coin_guide_1.mp4; 2025_04_27_imcameronscrubs.mp4; 2025_04_27_im.cryptochino.mp4,0.4184182429824893,POSITIVE,0.510381317649905,0.2181505560874939,0.4625,Multimodal Fusion (Whisper + CLIP + Qwen3-VL),2025-11-16T19:27:29.501042
2025-04-28,4,2025_04_28_coin_guide.mp4; 2025_04_28_coin_guide_2.mp4; 2025_04_28_coinbureau.mp4; 2025_04_28_coin_guide_1.mp4,-0.02190367560855258,NEUTRAL,0.3871550817021023,0.1781540811061859,-0.13749999999999998,Multimodal Fusion (Whisper + CLIP + Qwen3-VL),2025-11-16T21:33:39.719359
2025-04-29,10,2025_04_29_forrestunfiltered.mp4; 2025_04_29_forrestunfiltered_1.mp4; 2025_04_29_layahheilpernofficial.mp4; 2025_04_29_coin_guide_1.mp4; 2025_04_29_titovlogs77_2.mp4; 2025_04_29_coin_guide.mp4; 2025_04_29_coinbureau.mp4; 2025_04_29_titovlogs77_1.mp4; 2025_04_29_im.cryptochino.mp4; 2025_04_29_titovlogs77.mp4,0.4782862445648851,POSITIVE,0.6377134829127207,0.23507448136806489,0.525,Multimodal Fusion (Whisper + CLIP + Qwen3-VL),2025-11-16T20:29:02.166540
2025-04-30,6,2025_04_30_titovlogs77.mp4; 2025_04_30_imcameronscrubs.mp4; 2025_04_30_coin_guide.mp4; 2025_04_30_coinbureau.mp4; 2025_04_30_coin_guide_1.mp4; 2025_04_30_coin_guide_2.mp4,-0.21644548561145394,NEGATIVE,-0.37102829873259147,0.09495338797569275,-0.2833333333333333,Multimodal Fusion (Whisper + CLIP + Qwen3-VL),2025-11-16T18:07:51.280793
2025-05-01,10,2025_05_01_layahheilpernofficial.mp4; 2025_05_01_coin_guide_3.mp4; 2025_05_01_titovlogs77.mp4; 2025_05_01_coin_guide.mp4; 2025_05_01_im.cryptochino.mp4; 2025_05_01_coin_guide_2.mp4; 2025_05_01_coinbureau.mp4; 2025_05_01_titovlogs77_1.mp4; 2025_05_01_forrestunfiltered.mp4; 2025_05_01_coin_guide_1.mp4,0.21313502887281177,POSITIVE,-0.19431993868029146,0.28783511370420456,0.25,Multimodal Fusion (Whisper + CLIP + Qwen3-VL),2025-11-16T18:35:33.801497
2025-05-02,4,2025_05_02_coin_guide.mp4; 2025_05_02_girlgone_crypto.mp4; 2025_05_02_forrestunfiltered.mp4; 2025_05_02_titovlogs77.mp4,0.2043933692506197,POSITIVE,-0.1357772105125159,0.3023554515093565,0.22499999999999998,Multimodal Fusion (Whisper + CLIP + Qwen3-VL),2025-11-16T20:53:32.966489
2025-05-03,8,2025_05_03_im.cryptochino_1.mp4; 2025_05_03_coinbureau_1.mp4; 2025_05_03_imcameronscrubs.mp4; 2025_05_03_im.cryptochino.mp4; 2025_05_03_titovlogs77_1.mp4; 2025_05_03_coinbureau.mp4; 2025_05_03_forrestunfiltered.mp4; 2025_05_03_titovlogs77.mp4,0.4905845395947217,POSITIVE,0.24679209637117283,0.14202664978802204,0.625,Multimodal Fusion (Whisper + CLIP + Qwen3-VL),2025-11-16T19:52:41.245340
2025-05-04,1,2025_05_04_titovlogs77.mp4,0.08931094851585339,NEUTRAL,0.07715992594680277,0.4079747796058655,0.0,Multimodal Fusion (Whisper + CLIP + Qwen3-VL),2025-11-16T20:22:34.935450
2025-05-05,8,2025_05_05_forrestunfiltered.mp4; 2025_05_05_titovlogs77.mp4; 2025_05_05_titovlogs77_1.mp4; 2025_05_05_coin_guide.mp4; 2025_05_05_layahheilpernofficial.mp4; 2025_05_05_coinbureau.mp4; 2025_05_05_titovlogs77_2.mp4; 2025_05_05_forrestunfiltered_1.mp4,0.1283184181406864,NEUTRAL,0.3472981909958207,0.4023179952055216,0.018750000000000003,Multimodal Fusion (Whisper + CLIP + Qwen3-VL),2025-11-16T21:04:57.423066
2025-05-06,5,2025_05_06_titovlogs77_3.mp4; 2025_05_06_titovlogs77_2.mp4; 2025_05_06_coin_guide.mp4; 2025_05_06_titovlogs77.mp4; 2025_05_06_titovlogs77_1.mp4,0.4405278227500998,POSITIVE,0.56203850286492,0.17161986231803894,0.5,Multimodal Fusion (Whisper + CLIP + Qwen3-VL),2025-11-16T21:24:11.015701
2025-05-07,6,2025_05_07_coinbureau.mp4; 2025_05_07_forrestunfiltered.mp4; 2025_05_07_titovlogs77.mp4; 2025_05_07_titovlogs77_1.mp4; 2025_05_07_coinbureau_2.mp4; 2025_05_07_coinbureau_1.mp4,0.21605759868180577,POSITIVE,-0.04141519276739899,0.10932892312606175,0.2833333333333334,Multimodal Fusion (Whisper + CLIP + Qwen3-VL),2025-11-16T19:59:23.267564
2025-05-08,8,2025_05_08_titovlogs77_1.mp4; 2025_05_08_layahheilpernofficial_1.mp4; 2025_05_08_titovlogs77_2.mp4; 2025_05_08_forrestunfiltered.mp4; 2025_05_08_titovlogs77.mp4; 2025_05_08_coinbureau.mp4; 2025_05_08_titovlogs77_3.mp4; 2025_05_08_layahheilpernofficial.mp4,0.3234109890193327,POSITIVE,0.07312349613068858,0.31174319703131914,0.3625,Multimodal Fusion (Whisper + CLIP + Qwen3-VL),2025-11-16T18:22:27.533487
2025-05-09,9,2025_05_09_coinbureau.mp4; 2025_05_09_im.cryptochino.mp4; 2025_05_09_layahheilpernofficial.mp4; 2025_05_09_girlgone_crypto.mp4; 2025_05_09_forrestunfiltered.mp4; 2025_05_09_layahheilpernofficial_1.mp4; 2025_05_09_coin_guide.mp4; 2025_05_09_theblockchainboy.mp4; 2025_05_09_theblockchainboy_1.mp4,0.5889567885353117,POSITIVE,0.2953956175717533,0.4054194672240151,0.6833333333333333,Multimodal Fusion (Whisper + CLIP + Qwen3-VL),2025-11-16T18:19:39.994094
2025-05-10,2,2025_05_10_forrestunfiltered.mp4; 2025_05_10_titovlogs77.mp4,0.027433476310690624,NEUTRAL,-0.6567193968919876,0.46552707999944687,0.0,Multimodal Fusion (Whisper + CLIP + Qwen3-VL),2025-11-16T20:13:59.023794
2025-05-11,5,2025_05_11_forrestunfiltered.mp4; 2025_05_11_coin_guide.mp4; 2025_05_11_titovlogs77.mp4; 2025_05_11_coin_guide_2.mp4; 2025_05_11_coin_guide_1.mp4,0.22502843296829314,POSITIVE,0.6729906606975641,0.1236468344926834,0.19,Multimodal Fusion (Whisper + CLIP + Qwen3-VL),2025-11-16T21:35:07.399843
2025-05-12,12,2025_05_12_titovlogs77_1.mp4; 2025_05_12_coin_guide_4.mp4; 2025_05_12_coin_guide.mp4; 2025_05_12_forrestunfiltered.mp4; 2025_05_12_coin_guide_1.mp4; 2025_05_12_forrestunfiltered_1.mp4; 2025_05_12_titovlogs77.mp4; 2025_05_12_theblockchainboy.mp4; 2025_05_12_coinbureau.mp4; 2025_05_12_coin_guide_2.mp4; 2025_05_12_coin_guide_3.mp4; 2025_05_12_coin_guide_5.mp4,0.42191723329708575,POSITIVE,0.1651490065341787,0.2478449965516726,0.5083333333333333,Multimodal Fusion (Whisper + CLIP + Qwen3-VL),2025-11-16T21:06:37.020223
2025-05-13,7,2025_05_13_titovlogs77_1.mp4; 2025_05_13_coin_guide_1.mp4; 2025_05_13_titovlogs77_2.mp4; 2025_05_13_titovlogs77.mp4; 2025_05_13_coinbureau.mp4; 2025_05_13_forrestunfiltered.mp4; 2025_05_13_coin_guide.mp4,0.3090139260053045,POSITIVE,0.18601984340744965,0.1520597083227975,0.37142857142857144,Multimodal Fusion (Whisper + CLIP + Qwen3-VL),2025-11-16T19:07:58.710279
2025-05-14,6,2025_05_14_coinbureau.mp4; 2025_05_14_titovlogs77_1.mp4; 2025_05_14_titovlogs77_2.mp4; 2025_05_14_forrestunfiltered.mp4; 2025_05_14_coin_guide.mp4; 2025_05_14_titovlogs77.mp4,0.17107829775608316,NEUTRAL,0.1829863402939571,0.18056498530010381,0.16666666666666666,Multimodal Fusion (Whisper + CLIP + Qwen3-VL),2025-11-16T18:04:05.402980
2025-05-15,5,2025_05_15_layahheilpernofficial.mp4; 2025_05_15_coin_guide.mp4; 2025_05_15_coinbureau.mp4; 2025_05_15_titovlogs77.mp4; 2025_05_15_titovlogs77_1.mp4,0.3937300606766564,POSITIVE,0.9134901283176958,0.2169052392244339,0.37,Multimodal Fusion (Whisper + CLIP + Qwen3-VL),2025-11-16T20:15:50.411687
2025-05-16,8,2025_05_16_coin_guide.mp4; 2025_05_16_coinbureau_2.mp4; 2025_05_16_coinbureau_1.mp4; 2025_05_16_titovlogs77_2.mp4; 2025_05_16_titovlogs77.mp4; 2025_05_16_coinbureau.mp4; 2025_05_16_titovlogs77_1.mp4; 2025_05_16_forrestunfiltered.mp4,0.288459214183592,POSITIVE,0.5351761831631581,0.05908297933638096,0.31875,Multimodal Fusion (Whisper + CLIP + Qwen3-VL),2025-11-16T18:18:09.205616
2025-05-17,4,2025_05_17_forrestunfiltered.mp4; 2025_05_17_coin_guide_1.mp4; 2025_05_17_im.cryptochino.mp4; 2025_05_17_coin_guide.mp4,0.03581928566185272,NEUTRAL,-0.07908870725953232,0.2186407819390297,0.0,Multimodal Fusion (Whisper + CLIP + Qwen3-VL),2025-11-16T19:38:01.752334
2025-05-18,4,2025_05_18_coin_guide_1.mp4; 2025_05_18_forrestunfiltered.mp4; 2025_05_18_coin_guide_2.mp4; 2025_05_18_coin_guide.mp4,0.5417592836071229,POSITIVE,0.3845869726431128,0.3290029317140579,0.625,Multimodal Fusion (Whisper + CLIP + Qwen3-VL),2025-11-16T21:01:30.488495
2025-05-19,10,2025_05_19_coin_guide_3.mp4; 2025_05_19_coinbureau.mp4; 2025_05_19_theblockchainboy_2.mp4; 2025_05_19_coin_guide_1.mp4; 2025_05_19_titovlogs77.mp4; 2025_05_19_coin_guide_2.mp4; 2025_05_19_forrestunfiltered.mp4; 2025_05_19_theblockchainboy.mp4; 2025_05_19_theblockchainboy_1.mp4; 2025_05_19_coin_guide.mp4,0.07126687147474434,NEUTRAL,-0.3563692257547232,0.20201897025108337,0.095,Multimodal Fusion (Whisper + CLIP + Qwen3-VL),2025-11-16T21:11:41.459019
2025-05-20,16,2025_05_20_coin_guide_2.mp4; 2025_05_20_coin_guide_5.mp4; 2025_05_20_titovlogs77_1.mp4; 2025_05_20_coin_guide_1.mp4; 2025_05_20_theblockchainboy.mp4; 2025_05_20_forrestunfiltered_1.mp4; 2025_05_20_layahheilpernofficial.mp4; 2025_05_20_titovlogs77.mp4; 2025_05_20_coinbureau.mp4; 2025_05_20_titovlogs77_2.mp4; 2025_05_20_coinbureau_2.mp4; 2025_05_20_coin_guide_3.mp4; 2025_05_20_coinbureau_1.mp4; 2025_05_20_coin_guide_4.mp4; 2025_05_20_coin_guide.mp4; 2025_05_20_forrestunfiltered.mp4,0.3641429845465758,POSITIVE,0.20278875291202325,0.2208830462768674,0.428125,Multimodal Fusion (Whisper + CLIP + Qwen3-VL),2025-11-16T20:01:47.495591
2025-05-21,9,2025_05_21_im.cryptochino.mp4; 2025_05_21_coin_guide_1.mp4; 2025_05_21_forrestunfiltered_1.mp4; 2025_05_21_coin_guide_3.mp4; 2025_05_21_titovlogs77.mp4; 2025_05_21_coin_guide_2.mp4; 2025_05_21_forrestunfiltered.mp4; 2025_05_21_coinbureau.mp4; 2025_05_21_coin_guide.mp4,0.44984257313182574,POSITIVE,0.09616787426047388,0.2372400396400028,0.5611111111111111,Multimodal Fusion (Whisper + CLIP + Qwen3-VL),2025-11-16T18:54:22.097439
2025-05-22,9,2025_05_22_coin_guide_2.mp4; 2025_05_22_forrestunfiltered_1.mp4; 2025_05_22_coin_guide_1.mp4; 2025_05_22_coin_guide_3.mp4; 2025_05_22_coin_guide_4.mp4; 2025_05_22_coinbureau.mp4; 2025_05_22_imcameronscrubs.mp4; 2025_05_22_coin_guide.mp4; 2025_05_22_forrestunfiltered.mp4,0.20427774674054355,POSITIVE,0.143854224319892,0.17168384376499388,0.2222222222222222,Multimodal Fusion (Whisper + CLIP + Qwen3-VL),2025-11-16T18:00:58.955236
2025-05-23,8,2025_05_23_titovlogs77.mp4; 2025_05_23_titovlogs77_1.mp4; 2025_05_23_coin_guide_3.mp4; 2025_05_23_coin_guide.mp4; 2025_05_23_coin_guide_1.mp4; 2025_05_23_forrestunfiltered.mp4; 2025_05_23_coin_guide_2.mp4; 2025_05_23_coinbureau.mp4,0.0549635917179527,NEUTRAL,0.1993407341169736,0.1532725915312767,0.006249999999999992,Multimodal Fusion (Whisper + CLIP + Qwen3-VL),2025-11-16T21:11:35.485572
2025-05-24,5,2025_05_24_forrestunfiltered.mp4; 2025_05_24_coin_guide_1.mp4; 2025_05_24_coin_guide.mp4; 2025_05_24_coin_guide_3.mp4; 2025_05_24_coin_guide_2.mp4,0.1677614569178797,NEUTRAL,0.16903949689028375,0.1592875361442566,0.16999999999999998,Multimodal Fusion (Whisper + CLIP + Qwen3-VL),2025-11-16T21:13:20.119316
2025-05-25,4,2025_05_25_coin_guide.mp4; 2025_05_25_titovlogs77.mp4; 2025_05_25_coin_guide_1.mp4; 2025_05_25_forrestunfiltered.mp4,0.1948976829998463,NEUTRAL,0.03402099122878888,0.21372791938483715,0.2125,Multimodal Fusion (Whisper + CLIP + Qwen3-VL),2025-11-16T20:17:58.349624
2025-05-26,8,2025_05_26_coinbureau.mp4; 2025_05_26_layahheilpernofficial.mp4; 2025_05_26_im.cryptochino.mp4; 2025_05_26_titovlogs77.mp4; 2025_05_26_coin_guide_2.mp4; 2025_05_26_coin_guide.mp4; 2025_05_26_coin_guide_1.mp4; 2025_05_26_forrestunfiltered.mp4,0.40765947701447053,POSITIVE,0.47163041029501396,0.2931071799248457,0.43125,Multimodal Fusion (Whisper + CLIP + Qwen3-VL),2025-11-16T18:39:52.558136
2025-05-27,8,2025_05_27_forrestunfiltered.mp4; 2025_05_27_coin_guide_1.mp4; 2025_05_27_coin_guide_2.mp4; 2025_05_27_coinbureau.mp4; 2025_05_27_titovlogs77.mp4; 2025_05_27_coin_guide_4.mp4; 2025_05_27_coin_guide.mp4; 2025_05_27_coin_guide_3.mp4,0.44097058122716937,POSITIVE,0.04610260256753301,0.27867660485208035,0.54375,Multimodal Fusion (Whisper + CLIP + Qwen3-VL),2025-11-16T20:50:34.578211
2025-05-28,10,2025_05_28_coinbureau_2.mp4; 2025_05_28_coinbureau.mp4; 2025_05_28_forrestunfiltered.mp4; 2025_05_28_coinbureau_1.mp4; 2025_05_28_coin_guide.mp4; 2025_05_28_coin_guide_1.mp4; 2025_05_28_titovlogs77.mp4; 2025_05_28_coin_guide_3.mp4; 2025_05_28_im.cryptochino.mp4; 2025_05_28_coin_guide_2.mp4,0.13017109060066528,NEUTRAL,0.29092958179886985,0.19039066210389138,0.09,Multimodal Fusion (Whisper + CLIP + Qwen3-VL),2025-11-16T18:26:29.457269
2025-05-29,9,2025_05_29_coin_guide.mp4; 2025_05_29_titovlogs77_1.mp4; 2025_05_29_coin_guide_2.mp4; 2025_05_29_coinbureau.mp4; 2025_05_29_coin_guide_3.mp4; 2025_05_29_titovlogs77_2.mp4; 2025_05_29_coin_guide_1.mp4; 2025_05_29_forrestunfiltered.mp4; 2025_05_29_titovlogs77.mp4,0.15403143796623364,NEUTRAL,0.24119731452404944,0.26066964368025464,0.1111111111111111,Multimodal Fusion (Whisper + CLIP + Qwen3-VL),2025-11-16T19:19:16.197608
2025-05-30,11,2025_05_30_girlgone_crypto.mp4; 2025_05_30_coin_guide_4.mp4; 2025_05_30_coin_guide_3.mp4; 2025_05_30_titovlogs77.mp4; 2025_05_30_coin_guide.mp4; 2025_05_30_coinbureau.mp4; 2025_05_30_layahheilpernofficial.mp4; 2025_05_30_coin_guide_2.mp4; 2025_05_30_coin_guide_1.mp4; 2025_05_30_coin_guide_5.mp4; 2025_05_30_forrestunfiltered.mp4,0.42105829059078625,POSITIVE,0.20845056274567222,0.3942479897629131,0.45909090909090905,Multimodal Fusion (Whisper + CLIP + Qwen3-VL),2025-11-16T19:44:43.464956
2025-05-31,3,2025_05_31_titovlogs77.mp4; 2025_05_31_forrestunfiltered.mp4; 2025_05_31_im.cryptochino.mp4,0.08137234240852075,NEUTRAL,0.14936178824129462,0.33218081792195636,0.0,Multimodal Fusion (Whisper + CLIP + Qwen3-VL),2025-11-16T20:16:06.161121
2025-06-01,1,2025_06_01_forrestunfiltered.mp4,0.8670294094085693,POSITIVE,1.0,0.6851470470428467,0.9,Multimodal Fusion (Whisper + CLIP + Qwen3-VL),2025-11-16T20:59:42.630098
2025-06-02,4,2025_06_02_coinbureau.mp4; 2025_06_02_layahheilpernofficial.mp4; 2025_06_02_titovlogs77.mp4; 2025_06_02_forrestunfiltered.mp4,0.07940103871084972,NEUTRAL,-0.020451836540527735,0.3634811118245125,0.012499999999999983,Multimodal Fusion (Whisper + CLIP + Qwen3-VL),2025-11-16T19:55:45.128448
2025-06-03,7,2025_06_03_coinbureau.mp4; 2025_06_03_titovlogs77.mp4; 2025_06_03_forrestunfiltered.mp4; 2025_06_03_titovlogs77_1.mp4; 2025_06_03_titovlogs77_2.mp4; 2025_06_03_im.cryptochino.mp4; 2025_06_03_coinbureau_1.mp4,0.10024035544901069,NEUTRAL,-0.1377863524646584,0.14509495347738266,0.12142857142857143,Multimodal Fusion (Whisper + CLIP + Qwen3-VL),2025-11-16T20:51:21.124311
2025-06-04,6,2025_06_04_forrestunfiltered.mp4; 2025_06_04_titovlogs77_1.mp4; 2025_06_04_titovlogs77.mp4; 2025_06_04_coinbureau_1.mp4; 2025_06_04_imcameronscrubs.mp4; 2025_06_04_coinbureau.mp4,0.25663969026081174,POSITIVE,-0.03027497817353275,0.16083594039082527,0.325,Multimodal Fusion (Whisper + CLIP + Qwen3-VL),2025-11-16T20:35:18.229620
2025-06-05,7,2025_06_05_forrestunfiltered.mp4; 2025_06_05_titovlogs77_2.mp4; 2025_06_05_im.cryptochino.mp4; 2025_06_05_titovlogs77_1.mp4; 2025_06_05_layahheilpernofficial.mp4; 2025_06_05_titovlogs77.mp4; 2025_06_05_imcameronscrubs.mp4,0.21388678933281566,POSITIVE,0.04942774213058709,0.19472007559878485,0.24285714285714288,Multimodal Fusion (Whisper + CLIP + Qwen3-VL),2025-11-16T18:03:02.772103
2025-06-06,3,2025_06_06_titovlogs77.mp4; 2025_06_06_forrestunfiltered.mp4; 2025_06_06_girlgone_crypto.mp4,0.47271077329992234,POSITIVE,0.28254389415969267,0.23894858608643213,0.5666666666666668,Multimodal Fusion (Whisper + CLIP + Qwen3-VL),2025-11-16T21:34:23.201220
2025-06-07,2,2025_06_07_titovlogs77.mp4; 2025_06_07_im.cryptochino.mp4,0.6771449359761272,POSITIVE,-0.27078929294487375,0.4586193263530731,0.875,Multimodal Fusion (Whisper + CLIP + Qwen3-VL),2025-11-16T18:45:28.875286
2025-06-08,1,2025_06_08_titovlogs77.mp4,-0.42510259853682475,NEGATIVE,0.5757699860253371,0.3866020143032074,-0.8,Multimodal Fusion (Whisper + CLIP + Qwen3-VL),2025-11-16T18:12:21.651413
2025-06-09,7,2025_06_09_forrestunfiltered.mp4; 2025_06_09_layahheilpernofficial.mp4; 2025_06_09_titovlogs77.mp4; 2025_06_09_titovlogs77_2.mp4; 2025_06_09_coinbureau.mp4; 2025_06_09_titovlogs77_1.mp4; 2025_06_09_forrestunfiltered_1.mp4,0.2680447498173171,POSITIVE,0.24966133300386342,0.2653930825846536,0.2714285714285714,Multimodal Fusion (Whisper + CLIP + Qwen3-VL),2025-11-16T19:07:36.804399
2025-06-10,3,2025_06_10_titovlogs77.mp4; 2025_06_10_forrestunfiltered.mp4; 2025_06_10_coinbureau.mp4,0.7091438463799605,POSITIVE,0.4719129358455045,0.21809609731038412,0.8833333333333333,Multimodal Fusion (Whisper + CLIP + Qwen3-VL),2025-11-16T18:51:36.014933
2025-06-11,7,2025_06_11_coinbureau.mp4; 2025_06_11_coinbureau_1.mp4; 2025_06_11_titovlogs77_1.mp4; 2025_06_11_forrestunfiltered.mp4; 2025_06_11_coinbureau_2.mp4; 2025_06_11_titovlogs77.mp4; 2025_06_11_layahheilpernofficial.mp4,0.18500686199627125,NEUTRAL,0.3512778487678457,0.17439538559743337,0.16428571428571428,Multimodal Fusion (Whisper + CLIP + Qwen3-VL),2025-11-16T21:35:41.392856
2025-06-12,3,2025_06_12_titovlogs77.mp4; 2025_06_12_layahheilpernofficial.mp4; 2025_06_12_titovlogs77_1.mp4,0.6628135631091562,POSITIVE,0.06989716947790765,0.36245256414016086,0.8333333333333334,Multimodal Fusion (Whisper + CLIP + Qwen3-VL),2025-11-16T19:46:38.823099
2025-06-13,11,2025_06_13_titovlogs77_2.mp4; 2025_06_13_layahheilpernofficial.mp4; 2025_06_13_forrestunfiltered.mp4; 2025_06_13_titovlogs77_5.mp4; 2025_06_13_titovlogs77_3.mp4; 2025_06_13_titovlogs77_1.mp4; 2025_06_13_titovlogs77.mp4; 2025_06_13_titovlogs77_4.mp4; 2025_06_13_coinbureau.mp4; 2025_06_13_imcameronscrubs.mp4; 2025_06_13_girlgone_crypto.mp4,0.23494481065255035,POSITIVE,0.19692678182592835,0.23307884416796945,0.2409090909090909,Multimodal Fusion (Whisper + CLIP + Qwen3-VL),2025-11-16T19:41:02.854214
2025-06-14,2,2025_06_14_forrestunfiltered.mp4; 2025_06_14_theblockchainboy.mp4,0.41595576872436246,POSITIVE,0.2968762745467862,0.3563407063484192,0.45,Multimodal Fusion (Whisper + CLIP + Qwen3-VL),2025-11-16T20:00:39.163214
2025-06-15,2,2025_06_15_forrestunfiltered.mp4; 2025_06_15_titovlogs77.mp4,-0.2327528773096722,NEGATIVE,-0.1954405172144591,0.1589558720588684,-0.35,Multimodal Fusion (Whisper + CLIP + Qwen3-VL),2025-11-16T19:16:10.188738
2025-06-16,4,2025_06_16_layahheilpernofficial.mp4; 2025_06_16_forrestunfiltered.mp4; 2025_06_16_titovlogs77.mp4; 2025_06_16_coinbureau.mp4,0.36642227460577514,POSITIVE,-0.03468115581726722,0.36195195093750954,0.425,Multimodal Fusion (Whisper + CLIP + Qwen3-VL),2025-11-16T20:28:08.561284
2025-06-17,6,2025_06_17_coinbureau.mp4; 2025_06_17_titovlogs77_2.mp4; 2025_06_17_titovlogs77_1.mp4; 2025_06_17_titovlogs77.mp4; 2025_06_17_forrestunfiltered.mp4; 2025_06_17_titovlogs77_3.mp4,0.1787295011905964,NEUTRAL,0.3797901433985788,0.20791910092035928,0.14166666666666666,Multimodal Fusion (Whisper + CLIP + Qwen3-VL),2025-11-16T18:51:29.689307
2025-06-18,11,2025_06_18_layahheilpernofficial_1.mp4; 2025_06_18_titovlogs77.mp4; 2025_06_18_coinbureau_1.mp4; 2025_06_18_forrestunfiltered.mp4; 2025_06_18_coinbureau.mp4; 2025_06_18_coinbureau_2.mp4; 2025_06_18_layahheilpernofficial.mp4; 2025_06_18_titovlogs77_2.mp4; 2025_06_18_im.cryptochino.mp4; 2025_06_18_layahheilpernofficial_2.mp4; 2025_06_18_titovlogs77_1.mp4,0.17570715646874188,NEUTRAL,-0.058434901181097516,0.3668441420251673,0.15454545454545454,Multimodal Fusion (Whisper + CLIP + Qwen3-VL),2025-11-16T20:04:11.549462
2025-06-19,5,2025_06_19_forrestunfiltered.mp4; 2025_06_19_coinbureau.mp4; 2025_06_19_titovlogs77_1.mp4; 2025_06_19_titovlogs77.mp4; 2025_06_19_layahheilpernofficial.mp4,0.32101948237220135,POSITIVE,0.14092795608437889,0.30963343381881714,0.35,Multimodal Fusion (Whisper + CLIP + Qwen3-VL),2025-11-16T19:10:05.371962
2025-06-20,11,2025_06_20_titovlogs77_1.mp4; 2025_06_20_im.cryptochino.mp4; 2025_06_20_forrestunfiltered.mp4; 2025_06_20_coinbureau.mp4; 2025_06_20_theblockchainboy.mp4; 2025_06_20_girlgone_crypto.mp4; 2025_06_20_titovlogs77_3.mp4; 2025_06_20_titovlogs77.mp4; 2025_06_20_layahheilpernofficial.mp4; 2025_06_20_theblockchainboy_1.mp4; 2025_06_20_titovlogs77_2.mp4,0.11797941465690402,NEUTRAL,0.21228166768642406,0.24511987580494446,0.06818181818181818,Multimodal Fusion (Whisper + CLIP + Qwen3-VL),2025-11-16T18:00:12.159384
2025-06-21,1,2025_06_21_titovlogs77.mp4,0.0977722465991974,NEUTRAL,1.0,-0.011138767004013062,0.0,Multimodal Fusion (Whisper + CLIP + Qwen3-VL),2025-11-16T18:08:31.009626
2025-06-22,2,2025_06_22_im.cryptochino.mp4; 2025_06_22_forrestunfiltered.mp4,0.5538955811979387,POSITIVE,-0.6464364724139227,0.20519614219665527,0.825,Multimodal Fusion (Whisper + CLIP + Qwen3-VL),2025-11-16T19:20:09.916403
2025-06-23,7,2025_06_23_titovlogs77_2.mp4; 2025_06_23_coinbureau.mp4; 2025_06_23_titovlogs77.mp4; 2025_06_23_layahheilpernofficial.mp4; 2025_06_23_titovlogs77_3.mp4; 2025_06_23_titovlogs77_1.mp4; 2025_06_23_forrestunfiltered.mp4,0.2088594607467543,POSITIVE,-0.16590005107073044,0.2522473292691367,0.25,Multimodal Fusion (Whisper + CLIP + Qwen3-VL),2025-11-16T19:45:04.138522
2025-06-24,10,2025_06_24_titovlogs77_1.mp4; 2025_06_24_titovlogs77.mp4; 2025_06_24_coinbureau.mp4; 2025_06_24_titovlogs77_2.mp4; 2025_06_24_forrestunfiltered.mp4; 2025_06_24_coinbureau_2.mp4; 2025_06_24_im.cryptochino.mp4; 2025_06_24_coinbureau_1.mp4; 2025_06_24_layahheilpernofficial.mp4; 2025_06_24_layahheilpernofficial_1.mp4,0.037387647948794914,NEUTRAL,-0.2620715437120863,0.23047401160001754,0.024999999999999988,Multimodal Fusion (Whisper + CLIP + Qwen3-VL),2025-11-16T18:11:04.985129
2025-06-25,4,2025_06_25_coinbureau.mp4; 2025_06_25_layahheilpernofficial.mp4; 2025_06_25_forrestunfiltered.mp4; 2025_06_25_titovlogs77.mp4,0.5196165111906829,POSITIVE,0.16000436569005427,0.286830373108387,0.6375,Multimodal Fusion (Whisper + CLIP + Qwen3-VL),2025-11-16T20:23:30.351303
2025-06-26,6,2025_06_26_layahheilpernofficial.mp4; 2025_06_26_titovlogs77_1.mp4; 2025_06_26_titovlogs77.mp4; 2025_06_26_forrestunfiltered.mp4; 2025_06_26_coinbureau_1.mp4; 2025_06_26_coinbureau.mp4,0.3002752969203987,POSITIVE,0.34795912607371676,0.24823025489846864,0.30833333333333335,Multimodal Fusion (Whisper + CLIP + Qwen3-VL),2025-11-16T20:37:23.262594
2025-06-27,6,2025_06_27_layahheilpernofficial.mp4; 2025_06_27_titovlogs77.mp4; 2025_06_27_im.cryptochino.mp4; 2025_06_27_forrestunfiltered.mp4; 2025_06_27_im.cryptochino_1.mp4; 2025_06_27_girlgone_crypto.mp4,0.4405546921053343,POSITIVE,-0.35065809929488784,0.39476917684078217,0.5666666666666667,Multimodal Fusion (Whisper + CLIP + Qwen3-VL),2025-11-16T21:01:22.837631
2025-06-28,5,2025_06_28_theblockchainboy.mp4; 2025_06_28_forrestunfiltered.mp4; 2025_06_28_titovlogs77_1.mp4; 2025_06_28_titovlogs77_2.mp4; 2025_06_28_titovlogs77.mp4,0.15281485866700967,NEUTRAL,0.24813681087845169,0.08000588789582253,0.16,Multimodal Fusion (Whisper + CLIP + Qwen3-VL),2025-11-16T19:56:13.415543
2025-06-29,2,2025_06_29_forrestunfiltered.mp4; 2025_06_29_titovlogs77.mp4,0.4485433850576249,POSITIVE,0.6160718896883404,0.35968098044395447,0.45,Multimodal Fusion (Whisper + CLIP + Qwen3-VL),2025-11-16T19:18:12.358648
2025-06-30,7,2025_06_30_forrestunfiltered_1.mp4; 2025_06_30_titovlogs77.mp4; 2025_06_30_layahheilpernofficial.mp4; 2025_06_30_coinbureau.mp4; 2025_06_30_im.cryptochino.mp4; 2025_06_30_titovlogs77_1.mp4; 2025_06_30_forrestunfiltered.mp4,0.6770916271765675,POSITIVE,0.018331494206122345,0.3512923887797764,0.8642857142857142,Multimodal Fusion (Whisper + CLIP + Qwen3-VL),2025-11-16T20:44:46.432519
2025-07-01,3,2025_07_01_coinbureau.mp4; 2025_07_01_titovlogs77.mp4; 2025_07_01_forrestunfiltered.mp4,0.47716750126033114,POSITIVE,0.32267496396592105,0.24116669098536173,0.5666666666666667,Multimodal Fusion (Whisper + CLIP + Qwen3-VL),2025-11-16T19:27:46.900856
2025-07-02,9,2025_07_02_layahheilpernofficial.mp4; 2025_07_02_coinbureau_1.mp4; 2025_07_02_coinbureau_2.mp4; 2025_07_02_forrestunfiltered_1.mp4; 2025_07_02_coinbureau_3.mp4; 2025_07_02_titovlogs77.mp4; 2025_07_02_titovlogs77_1.mp4; 2025_07_02_forrestunfiltered.mp4; 2025_07_02_coinbureau.mp4,0.46201556447967806,POSITIVE,-0.11620402033213896,0.24873538812001547,0.6055555555555556,Multimodal Fusion (Whisper + CLIP + Qwen3-VL),2025-11-16T20:46:09.802029
2025-07-03,8,2025_07_03_titovlogs77.mp4; 2025_07_03_imcameronscrubs.mp4; 2025_07_03_forrestunfiltered.mp4; 2025_07_03_titovlogs77_2.mp4; 2025_07_03_coinbureau_1.mp4; 2025_07_03_im.cryptochino.mp4; 2025_07_03_coinbureau.mp4; 2025_07_03_titovlogs77_1.mp4,0.583377399440488,POSITIVE,0.25163439694425344,0.18794479873031378,0.74375,Multimodal Fusion (Whisper + CLIP + Qwen3-VL),2025-11-16T21:17:03.263342
2025-07-04,6,2025_07_04_titovlogs77_1.mp4; 2025_07_04_girlgone_crypto.mp4; 2025_07_04_coinbureau.mp4; 2025_07_04_imcameronscrubs.mp4; 2025_07_04_forrestunfiltered.mp4; 2025_07_04_titovlogs77.mp4,0.3611726946698462,POSITIVE,0.12536649511936812,0.25568022578954697,0.425,Multimodal Fusion (Whisper + CLIP + Qwen3-VL),2025-11-16T19:02:25.880557
2025-07-05,3,2025_07_05_imcameronscrubs.mp4; 2025_07_05_forrestunfiltered.mp4; 2025_07_05_titovlogs77.mp4,0.49110438532624706,POSITIVE,0.3391249325865567,0.36095946033795673,0.5499999999999999,Multimodal Fusion (Whisper + CLIP + Qwen3-VL),2025-11-16T18:35:59.074860
2025-07-06,3,2025_07_06_im.cryptochino.mp4; 2025_07_06_titovlogs77.mp4; 2025_07_06_forrestunfiltered.mp4,0.686100040180488,POSITIVE,0.40260841352744414,0.1958626608053843,0.8666666666666667,Multimodal Fusion (Whisper + CLIP + Qwen3-VL),2025-11-16T19:09:36.637766
2025-07-07,6,2025_07_07_coinbureau.mp4; 2025_07_07_titovlogs77.mp4; 2025_07_07_titovlogs77_1.mp4; 2025_07_07_layahheilpernofficial.mp4; 2025_07_07_imcameronscrubs.mp4; 2025_07_07_forrestunfiltered.mp4,0.037796256301288446,NEUTRAL,0.06319947101160517,0.21571487933397293,-0.016666666666666646,Multimodal Fusion (Whisper + CLIP + Qwen3-VL),2025-11-16T20:16:52.709624
2025-07-08,10,2025_07_08_titovlogs77_2.mp4; 2025_07_08_titovlogs77_1.mp4; 2025_07_08_coinbureau.mp4; 2025_07_08_titovlogs77.mp4; 2025_07_08_forrestunfiltered.mp4; 2025_07_08_imcameronscrubs.mp4; 2025_07_08_coinbureau_1.mp4; 2025_07_08_titovlogs77_3.mp4; 2025_07_08_layahheilpernofficial.mp4; 2025_07_08_coinbureau_2.mp4,0.11485383583832738,NEUTRAL,0.007178244464492422,0.23818005695939065,0.095,Multimodal Fusion (Whisper + CLIP + Qwen3-VL),2025-11-16T18:26:44.585180
2025-07-09,3,2025_07_09_forrestunfiltered.mp4; 2025_07_09_coinbureau.mp4; 2025_07_09_titovlogs77.mp4,0.5711240801681897,POSITIVE,-0.5621577486695631,0.16169927517573038,0.85,Multimodal Fusion (Whisper + CLIP + Qwen3-VL),2025-11-16T20:04:53.775077
2025-07-10,10,2025_07_10_coinbureau_3.mp4; 2025_07_10_coinbureau.mp4; 2025_07_10_im.cryptochino.mp4; 2025_07_10_coinbureau_1.mp4; 2025_07_10_titovlogs77_2.mp4; 2025_07_10_coinbureau_2.mp4; 2025_07_10_titovlogs77.mp4; 2025_07_10_forrestunfiltered.mp4; 2025_07_10_coinbureau_4.mp4; 2025_07_10_titovlogs77_1.mp4,0.18452541590644672,NEUTRAL,0.12444563114779705,0.19540426395833493,0.19,Multimodal Fusion (Whisper + CLIP + Qwen3-VL),2025-11-16T20:31:13.180739
2025-07-11,7,2025_07_11_layahheilpernofficial_1.mp4; 2025_07_11_layahheilpernofficial.mp4; 2025_07_11_layahheilpernofficial_2.mp4; 2025_07_11_coinbureau.mp4; 2025_07_11_titovlogs77_1.mp4; 2025_07_11_titovlogs77.mp4; 2025_07_11_forrestunfiltered.mp4,0.5602114411995788,POSITIVE,0.032285492142304646,0.5099144599267414,0.65,Multimodal Fusion (Whisper + CLIP + Qwen3-VL),2025-11-16T19:37:52.066589
2025-07-12,4,2025_07_12_titovlogs77_2.mp4; 2025_07_12_titovlogs77_1.mp4; 2025_07_12_titovlogs77.mp4; 2025_07_12_imcameronscrubs.mp4,0.1524573474330325,NEUTRAL,-0.11570002664862178,0.03263675048947334,0.225,Multimodal Fusion (Whisper + CLIP + Qwen3-VL),2025-11-16T21:26:07.758808
2025-07-13,3,2025_07_13_forrestunfiltered_1.mp4; 2025_07_13_titovlogs77.mp4; 2025_07_13_forrestunfiltered.mp4,0.43556462573691285,POSITIVE,-0.21343421760359593,0.30120690415302914,0.5666666666666667,Multimodal Fusion (Whisper + CLIP + Qwen3-VL),2025-11-16T18:19:55.063839
2025-07-14,9,2025_07_14_layahheilpernofficial_1.mp4; 2025_07_14_theblockchainboy.mp4; 2025_07_14_titovlogs77.mp4; 2025_07_14_coinbureau_1.mp4; 2025_07_14_layahheilpernofficial.mp4; 2025_07_14_theblockchainboy_1.mp4; 2025_07_14_coinbureau.mp4; 2025_07_14_titovlogs77_1.mp4; 2025_07_14_forrestunfiltered.mp4,0.3628089195178078,POSITIVE,0.31937151718748275,0.2932477278841866,0.3888888888888889,Multimodal Fusion (Whisper + CLIP + Qwen3-VL),2025-11-16T20:06:51.331941
2025-07-15,8,2025_07_15_titovlogs77.mp4; 2025_07_15_im.cryptochino.mp4; 2025_07_15_titovlogs77_1.mp4; 2025_07_15_layahheilpernofficial.mp4; 2025_07_15_theblockchainboy.mp4; 2025_07_15_coinbureau.mp4; 2025_07_15_titovlogs77_2.mp4; 2025_07_15_forrestunfiltered.mp4,0.18235912054642647,NEUTRAL,-0.19194932134304354,0.1983952634036541,0.23124999999999998,Multimodal Fusion (Whisper + CLIP + Qwen3-VL),2025-11-16T19:01:09.612059
2025-07-16,11,2025_07_16_coinbureau_4.mp4; 2025_07_16_coinbureau_5.mp4; 2025_07_16_titovlogs77.mp4; 2025_07_16_titovlogs77_2.mp4; 2025_07_16_coinbureau_3.mp4; 2025_07_16_titovlogs77_1.mp4; 2025_07_16_forrestunfiltered.mp4; 2025_07_16_coinbureau.mp4; 2025_07_16_coinbureau_2.mp4; 2025_07_16_coinbureau_6.mp4; 2025_07_16_coinbureau_1.mp4,0.2594468210661151,POSITIVE,0.08220605378450015,0.15840380571105264,0.3136363636363636,Multimodal Fusion (Whisper + CLIP + Qwen3-VL),2025-11-16T18:42:44.867856
2025-07-17,9,2025_07_17_titovlogs77_1.mp4; 2025_07_17_titovlogs77_2.mp4; 2025_07_17_theblockchainboy_1.mp4; 2025_07_17_layahheilpernofficial_1.mp4; 2025_07_17_titovlogs77.mp4; 2025_07_17_forrestunfiltered.mp4; 2025_07_17_coinbureau.mp4; 2025_07_17_layahheilpernofficial.mp4; 2025_07_17_theblockchainboy.mp4,0.38712722839462305,POSITIVE,0.11923624656738961,0.20379579646719825,0.47777777777777775,Multimodal Fusion (Whisper + CLIP + Qwen3-VL),2025-11-16T21:22:30.231821
2025-07-18,8,2025_07_18_titovlogs77_2.mp4; 2025_07_18_coinbureau.mp4; 2025_07_18_layahheilpernofficial.mp4; 2025_07_18_titovlogs77_1.mp4; 2025_07_18_titovlogs77.mp4; 2025_07_18_forrestunfiltered.mp4; 2025_07_18_theblockchainboy.mp4; 2025_07_18_titovlogs77_3.mp4,0.023417390034100927,NEUTRAL,0.40342773803076637,0.19974808115512133,-0.08125,Multimodal Fusion (Whisper + CLIP + Qwen3-VL),2025-11-16T18:31:28.973266
2025-07-19,2,2025_07_19_forrestunfiltered.mp4; 2025_07_19_coinbureau.mp4,0.43800815880298616,POSITIVE,1.0,0.11504079401493073,0.45,Multimodal Fusion (Whisper + CLIP + Qwen3-VL),2025-11-16T20:54:09.551977
2025-07-20,3,2025_07_20_coinbureau.mp4; 2025_07_20_layahheilpernofficial.mp4; 2025_07_20_forrestunfiltered.mp4,0.6204116520878952,POSITIVE,-0.4811490102636009,0.4259660989046097,0.8333333333333334,Multimodal Fusion (Whisper + CLIP + Qwen3-VL),2025-11-16T19:58:59.551920
2025-07-21,8,2025_07_21_forrestunfiltered.mp4; 2025_07_21_titovlogs77_1.mp4; 2025_07_21_titovlogs77_2.mp4; 2025_07_21_coinbureau_1.mp4; 2025_07_21_layahheilpernofficial.mp4; 2025_07_21_layahheilpernofficial_1.mp4; 2025_07_21_titovlogs77.mp4; 2025_07_21_coinbureau.mp4,0.013503748181793812,NEUTRAL,-0.04827142130997092,0.31040445156395435,-0.0625,Multimodal Fusion (Whisper + CLIP + Qwen3-VL),2025-11-16T21:35:18.670396
2025-07-22,7,2025_07_22_titovlogs77_1.mp4; 2025_07_22_layahheilpernofficial_1.mp4; 2025_07_22_titovlogs77.mp4; 2025_07_22_layahheilpernofficial.mp4; 2025_07_22_coinbureau.mp4; 2025_07_22_coinbureau_1.mp4; 2025_07_22_forrestunfiltered.mp4,0.5598118418343851,POSITIVE,0.6071123798994685,0.2955030192221914,0.6285714285714287,Multimodal Fusion (Whisper + CLIP + Qwen3-VL),2025-11-16T18:19:48.999075
2025-07-23,8,2025_07_23_coinbureau.mp4; 2025_07_23_coinbureau_1.mp4; 2025_07_23_titovlogs77.mp4; 2025_07_23_titovlogs77_1.mp4; 2025_07_23_titovlogs77_2.mp4; 2025_07_23_theblockchainboy.mp4; 2025_07_23_forrestunfiltered.mp4; 2025_07_23_layahheilpernofficial.mp4,0.3797399708161039,POSITIVE,0.5047525200041959,0.1806985940784216,0.41875,Multimodal Fusion (Whisper + CLIP + Qwen3-VL),2025-11-16T19:14:26.280757
2025-07-24,6,2025_07_24_layahheilpernofficial.mp4; 2025_07_24_coinbureau_1.mp4; 2025_07_24_titovlogs77_1.mp4; 2025_07_24_forrestunfiltered.mp4; 2025_07_24_titovlogs77.mp4; 2025_07_24_coinbureau.mp4,0.462586751461761,POSITIVE,0.4005808808479386,0.18764331688483557,0.5499999999999999,Multimodal Fusion (Whisper + CLIP + Qwen3-VL),2025-11-16T19:42:07.832436
2025-07-25,11,2025_07_25_theblockchainboy_3.mp4; 2025_07_25_theblockchainboy_4.mp4; 2025_07_25_theblockchainboy_5.mp4; 2025_07_25_layahheilpernofficial.mp4; 2025_07_25_coinbureau.mp4; 2025_07_25_titovlogs77_1.mp4; 2025_07_25_titovlogs77.mp4; 2025_07_25_theblockchainboy_1.mp4; 2025_07_25_coinbureau_1.mp4; 2025_07_25_theblockchainboy.mp4; 2025_07_25_theblockchainboy_2.mp4,-0.11045161753390932,NEUTRAL,-0.4533469294119221,0.16759719521823255,-0.1409090909090909,Multimodal Fusion (Whisper + CLIP + Qwen3-VL),2025-11-16T21:31:11.264302
